Company,City,Robot_Type,Department,Tasks_Assigned,Tasks_Completed,Completion_Rate,Date,Robot_Status
King Fahd Medical City,Abha,Sorting Robot,Administration,192,184,95.8,2024-01-08,Active
Saudi Post,Madinah,Task Organizer,Logistics,275,247,89.8,2024-03-17,Active
Dar Al Riyadh,Madinah,Medical Assistant,Administration,122,112,91.8,2024-04-08,Active
Saudi Electricity Company,Dhahran,Delivery Robot,IT,206,175,85.0,2024-03-08,Active
King Saud University,Dammam,Delivery Robot,Administration,51,43,84.3,2024-05-05,Active
Alhokair Group,Dhahran,Delivery Robot,Production,84,82,97.6,2024-04-09,Active
King Saud University,Jubail,Cleaning Robot,Production,98,90,91.8,2024-04-15,Active
SABIC,Riyadh,Medical Assistant,Facility Management,260,233,89.6,2024-04-12,Active
National Water Company,Tabuk,Inspection Robot,Customer Service,149,146,98.0,2024-02-27,Active
Tasnee,Abha,Delivery Robot,Healthcare,148,131,88.5,2024-03-23,Active
Dar Al Riyadh,Dhahran,Cleaning Robot,IT,48,39,81.2,2024-04-28,Active
National Water Company,Jubail,Medical Assistant,Facility Management,120,96,80.0,2024-02-02,Inactive
STC,Mecca,Sorting Robot,Customer Service,38,33,86.8,2024-04-26,Active
Binladin Group,Dammam,Service Robot,Healthcare,58,57,98.3,2024-02-04,Active
Saudi Post,Jubail,Cleaning Robot,Customer Service,196,160,81.6,2024-02-13,Active
Alhokair Group,Jubail,Task Organizer,Logistics,251,224,89.2,2024-02-18,Active
STC,Tabuk,Sorting Robot,Security,179,164,91.6,2024-03-07,Under Repair
STC,Dhahran,Task Organizer,Administration,149,123,82.6,2024-04-25,Active
SABIC,Jubail,Cleaning Robot,IT,263,251,95.4,2024-01-11,Active
Dar Al Riyadh,Abha,Sorting Robot,Healthcare,205,181,88.3,2024-03-26,Active
Saudi Post,Riyadh,Medical Assistant,Administration,147,135,91.8,2024-04-07,Under Repair
Saudi Post,Jubail,Medical Assistant,IT,195,176,90.3,2024-02-08,Active
Almarai,Dhahran,Medical Assistant,Logistics,115,104,90.4,2024-01-25,Active
Almarai,Jubail,Inspection Robot,Facility Management,238,233,97.9,2024-05-15,Active
King Fahd Medical City,Al Kharj,Medical Assistant,Administration,282,263,93.3,2024-01-12,Active
King Fahd Medical City,Dammam,Medical Assistant,Production,86,69,80.2,2024-02-03,Active
Alhokair Group,Tabuk,Sorting Robot,IT,78,76,97.4,2024-02-06,Needs Maintenance
National Water Company,Abha,Task Organizer,Facility Management,288,277,96.2,2024-04-29,Active
Almarai,Dammam,Medical Assistant,Administration,282,268,95.0,2024-03-08,Active
Riyadh Airports,Jubail,Delivery Robot,Facility Management,150,136,90.7,2024-01-22,Active
Al Rajhi Bank,Jeddah,Inspection Robot,Administration,97,93,95.9,2024-01-10,Needs Maintenance
Tasnee,Madinah,Inspection Robot,Healthcare,171,149,87.1,2024-02-18,Active
Saudi Red Crescent,Abha,Service Robot,Customer Service,108,89,82.4,2024-04-20,Needs Maintenance
Saudi Electricity Company,Riyadh,Cleaning Robot,Healthcare,210,208,99.0,2024-01-25,Inactive
Saudi German Hospital,Abha,Inspection Robot,Customer Service,43,41,95.3,2024-02-25,Active
Saudi Red Crescent,Madinah,Medical Assistant,Production,69,64,92.8,2024-05-10,Needs Maintenance
King Fahd Medical City,Tabuk,Cleaning Robot,Customer Service,33,33,100.0,2024-01-18,Inactive
Saudi Red Crescent,Riyadh,Cleaning Robot,IT,108,96,88.9,2024-04-29,Active
Alhokair Group,Abha,Sorting Robot,Customer Service,118,106,89.8,2024-04-24,Active
Alhokair Group,Riyadh,Medical Assistant,Healthcare,286,241,84.3,2024-02-05,Active
King Fahd Medical City,Dhahran,Service Robot,Production,281,279,99.3,2024-05-15,Under Repair
Alhokair Group,Abha,Medical Assistant,Customer Service,300,242,80.7,2024-04-01,Inactive
Al Rajhi Bank,Al Kharj,Task Organizer,Production,190,190,100.0,2024-01-09,Active
Saudi German Hospital,Dhahran,Delivery Robot,Administration,41,37,90.2,2024-05-17,Active
Riyadh Airports,Abha,Task Organizer,IT,190,173,91.1,2024-03-10,Active
Al Rajhi Bank,Mecca,Task Organizer,IT,116,95,81.9,2024-01-01,Inactive
Dar Al Riyadh,Riyadh,Delivery Robot,Customer Service,267,256,95.9,2024-04-02,Active
Saudi Red Crescent,Jubail,Task Organizer,Administration,190,164,86.3,2024-05-17,Active
King Saud University,Jeddah,Delivery Robot,Security,50,48,96.0,2024-02-14,Active
Alinma Bank,Riyadh,Medical Assistant,IT,275,245,89.1,2024-02-20,Active
Al Rajhi Bank,Madinah,Service Robot,Facility Management,167,158,94.6,2024-03-10,Active
Al Rajhi Bank,Jeddah,Service Robot,Production,68,57,83.8,2024-03-08,Needs Maintenance
Alinma Bank,Dammam,Sorting Robot,Security,217,185,85.3,2024-03-06,Needs Maintenance
Alhokair Group,Jeddah,Inspection Robot,Healthcare,197,172,87.3,2024-03-29,Active
Binladin Group,Al Kharj,Medical Assistant,Security,84,73,86.9,2024-04-10,Active
SABIC,Dhahran,Medical Assistant,Production,293,237,80.9,2024-02-25,Active
Ma'aden,Dammam,Delivery Robot,Facility Management,153,137,89.5,2024-05-09,Inactive
National Water Company,Dammam,Medical Assistant,IT,112,102,91.1,2024-01-09,Needs Maintenance
Alhokair Group,Jeddah,Task Organizer,Healthcare,64,61,95.3,2024-04-01,Needs Maintenance
Saudi Aramco,Abha,Delivery Robot,IT,78,74,94.9,2024-02-05,Under Repair
King Fahd Medical City,Madinah,Service Robot,Customer Service,77,63,81.8,2024-03-17,Active
STC,Tabuk,Task Organizer,Logistics,79,73,92.4,2024-05-12,Active
Binladin Group,Al Kharj,Task Organizer,Facility Management,140,137,97.9,2024-01-26,Active
Saudi Aramco,Jubail,Task Organizer,IT,78,76,97.4,2024-02-15,Active
Saudi Aramco,Mecca,Service Robot,IT,266,264,99.2,2024-03-03,Active
Ma'aden,Mecca,Sorting Robot,Healthcare,277,248,89.5,2024-05-04,Active
Saudi German Hospital,Al Kharj,Medical Assistant,Administration,69,67,97.1,2024-04-16,Active
STC,Al Kharj,Inspection Robot,Customer Service,57,52,91.2,2024-04-18,Active
Mobily,Dhahran,Medical Assistant,Security,72,68,94.4,2024-04-02,Active
King Saud University,Dhahran,Sorting Robot,IT,175,163,93.1,2024-05-14,Active
Saudi Post,Mecca,Service Robot,IT,250,238,95.2,2024-03-12,Active
Saudi Electricity Company,Abha,Cleaning Robot,Customer Service,188,157,83.5,2024-03-09,Active
Tasnee,Al Kharj,Task Organizer,IT,257,246,95.7,2024-02-05,Active
Ma'aden,Jeddah,Sorting Robot,Logistics,86,84,97.7,2024-02-10,Inactive
Saudi Red Crescent,Riyadh,Medical Assistant,IT,279,257,92.1,2024-02-08,Active
Alinma Bank,Al Kharj,Cleaning Robot,Facility Management,102,86,84.3,2024-02-26,Active
National Water Company,Dhahran,Sorting Robot,Production,263,219,83.3,2024-02-22,Active
Saudi Red Crescent,Riyadh,Task Organizer,Production,160,153,95.6,2024-02-13,Active
Saudi Aramco,Dhahran,Task Organizer,IT,274,261,95.3,2024-01-09,Active
Riyadh Airports,Riyadh,Delivery Robot,Security,209,175,83.7,2024-03-04,Active
Al Rajhi Bank,Tabuk,Medical Assistant,Logistics,237,217,91.6,2024-05-12,Active
Almarai,Jeddah,Sorting Robot,Customer Service,280,225,80.4,2024-05-10,Active
Riyadh Airports,Jubail,Cleaning Robot,Facility Management,274,274,100.0,2024-01-29,Inactive
Al Rajhi Bank,Tabuk,Cleaning Robot,Facility Management,148,138,93.2,2024-03-28,Active
Saudi Electricity Company,Dhahran,Medical Assistant,Customer Service,91,91,100.0,2024-01-20,Active
Dar Al Riyadh,Dammam,Service Robot,Logistics,267,260,97.4,2024-01-19,Active
Mobily,Dhahran,Inspection Robot,Logistics,152,149,98.0,2024-03-31,Active
King Saud University,Jubail,Inspection Robot,Logistics,196,177,90.3,2024-03-28,Active
Saudi Electricity Company,Mecca,Task Organizer,Production,290,269,92.8,2024-02-02,Active
Dar Al Riyadh,Jubail,Service Robot,IT,227,206,90.7,2024-04-09,Active
Saudi Aramco,Mecca,Sorting Robot,Logistics,71,62,87.3,2024-04-25,Active
King Saud University,Dhahran,Cleaning Robot,Production,119,103,86.6,2024-01-04,Active
Riyadh Airports,Mecca,Task Organizer,Healthcare,134,123,91.8,2024-04-15,Active
Alinma Bank,Al Kharj,Inspection Robot,Healthcare,163,162,99.4,2024-01-15,Needs Maintenance
National Water Company,Mecca,Inspection Robot,Logistics,81,65,80.2,2024-04-29,Active
Saudi Electricity Company,Dhahran,Sorting Robot,IT,239,222,92.9,2024-03-02,Active
King Saud University,Jubail,Sorting Robot,Logistics,253,207,81.8,2024-02-11,Active
Binladin Group,Dhahran,Task Organizer,Customer Service,89,74,83.1,2024-02-12,Active
King Saud University,Riyadh,Task Organizer,Healthcare,113,99,87.6,2024-04-08,Active
King Fahd Medical City,Abha,Medical Assistant,Customer Service,250,227,90.8,2024-01-08,Inactive
STC,Abha,Delivery Robot,Security,70,56,80.0,2024-03-10,Active
SABIC,Jeddah,Inspection Robot,Facility Management,192,191,99.5,2024-04-20,Under Repair
National Water Company,Mecca,Medical Assistant,Security,262,260,99.2,2024-05-07,Active
Alhokair Group,Jubail,Service Robot,Administration,178,150,84.3,2024-03-01,Needs Maintenance
STC,Mecca,Inspection Robot,Security,43,42,97.7,2024-03-07,Active
Saudi Post,Al Kharj,Sorting Robot,Security,230,189,82.2,2024-04-10,Needs Maintenance
Dar Al Riyadh,Jubail,Medical Assistant,Logistics,271,234,86.3,2024-04-21,Active
STC,Dammam,Task Organizer,IT,68,63,92.6,2024-04-08,Active
Saudi Post,Madinah,Cleaning Robot,Logistics,85,84,98.8,2024-05-04,Needs Maintenance
STC,Dammam,Cleaning Robot,Administration,73,61,83.6,2024-01-16,Active
Al Rajhi Bank,Tabuk,Delivery Robot,Customer Service,64,53,82.8,2024-04-18,Active
National Water Company,Jubail,Cleaning Robot,Facility Management,70,58,82.9,2024-02-02,Active
Mobily,Abha,Sorting Robot,Healthcare,119,96,80.7,2024-01-11,Active
Alhokair Group,Abha,Medical Assistant,Logistics,63,60,95.2,2024-01-31,Active
Al Rajhi Bank,Riyadh,Delivery Robot,Facility Management,59,49,83.1,2024-05-17,Active
STC,Jubail,Medical Assistant,Facility Management,146,140,95.9,2024-02-06,Active
National Water Company,Abha,Task Organizer,IT,199,169,84.9,2024-01-27,Active
SABIC,Jeddah,Cleaning Robot,Logistics,192,183,95.3,2024-03-09,Active
Saudi Red Crescent,Dammam,Cleaning Robot,Logistics,72,63,87.5,2024-01-28,Active
STC,Abha,Task Organizer,Production,61,49,80.3,2024-03-04,Under Repair
Binladin Group,Madinah,Task Organizer,Logistics,88,84,95.5,2024-04-13,Active
Dar Al Riyadh,Madinah,Service Robot,Security,171,157,91.8,2024-01-07,Inactive
Saudi Post,Jeddah,Medical Assistant,Customer Service,156,127,81.4,2024-02-14,Active
Saudi Aramco,Riyadh,Inspection Robot,Logistics,205,176,85.9,2024-01-14,Active
Alinma Bank,Jeddah,Cleaning Robot,Healthcare,192,166,86.5,2024-02-26,Active
Riyadh Airports,Al Kharj,Cleaning Robot,Logistics,35,29,82.9,2024-01-25,Active
Binladin Group,Abha,Task Organizer,Customer Service,184,183,99.5,2024-04-07,Active
Dar Al Riyadh,Mecca,Sorting Robot,Administration,119,111,93.3,2024-01-07,Active
Almarai,Jubail,Sorting Robot,IT,258,207,80.2,2024-02-21,Active
Saudi Post,Riyadh,Sorting Robot,Facility Management,119,112,94.1,2024-04-17,Needs Maintenance
King Fahd Medical City,Tabuk,Sorting Robot,IT,207,178,86.0,2024-05-08,Needs Maintenance
STC,Jeddah,Inspection Robot,Production,220,219,99.5,2024-04-22,Active
National Water Company,Mecca,Medical Assistant,Logistics,265,237,89.4,2024-01-29,Active
Saudi Aramco,Jeddah,Medical Assistant,Facility Management,171,145,84.8,2024-02-19,Active
Mobily,Abha,Medical Assistant,IT,276,224,81.2,2024-05-02,Needs Maintenance
National Water Company,Dhahran,Service Robot,Administration,60,55,91.7,2024-04-14,Active
Alinma Bank,Al Kharj,Service Robot,Customer Service,269,257,95.5,2024-01-31,Inactive
Riyadh Airports,Dhahran,Inspection Robot,Administration,48,43,89.6,2024-03-28,Active
Ma'aden,Tabuk,Sorting Robot,IT,247,241,97.6,2024-03-13,Active
Saudi Post,Riyadh,Cleaning Robot,Facility Management,50,42,84.0,2024-04-12,Active
Al Rajhi Bank,Jubail,Service Robot,Logistics,52,42,80.8,2024-01-19,Active
Saudi German Hospital,Riyadh,Medical Assistant,IT,149,135,90.6,2024-03-04,Active
Saudi Aramco,Mecca,Medical Assistant,Logistics,93,90,96.8,2024-04-19,Active
Binladin Group,Abha,Service Robot,Administration,41,36,87.8,2024-05-19,Active
Mobily,Dhahran,Cleaning Robot,IT,285,267,93.7,2024-03-03,Under Repair
Saudi German Hospital,Tabuk,Delivery Robot,Logistics,289,279,96.5,2024-04-08,Active
Riyadh Airports,Mecca,Service Robot,Customer Service,193,170,88.1,2024-01-02,Active
Alinma Bank,Dhahran,Sorting Robot,Facility Management,152,126,82.9,2024-01-22,Inactive
SABIC,Mecca,Inspection Robot,Healthcare,60,55,91.7,2024-05-20,Active
Alhokair Group,Abha,Cleaning Robot,Production,145,126,86.9,2024-04-10,Active
Saudi Aramco,Jubail,Service Robot,Facility Management,35,30,85.7,2024-03-10,Needs Maintenance
Tasnee,Abha,Service Robot,Production,114,100,87.7,2024-03-28,Active
Saudi German Hospital,Abha,Sorting Robot,IT,168,149,88.7,2024-02-25,Active
Tasnee,Riyadh,Task Organizer,Administration,115,95,82.6,2024-04-04,Inactive
Saudi German Hospital,Dhahran,Service Robot,Production,192,163,84.9,2024-05-08,Active
Dar Al Riyadh,Tabuk,Inspection Robot,Facility Management,83,77,92.8,2024-02-26,Active
Saudi Post,Mecca,Inspection Robot,Customer Service,278,242,87.1,2024-05-14,Active
Saudi Post,Jeddah,Medical Assistant,IT,145,124,85.5,2024-04-05,Active
Saudi Aramco,Dhahran,Service Robot,Logistics,39,36,92.3,2024-04-13,Active
Saudi German Hospital,Mecca,Medical Assistant,Security,268,241,89.9,2024-04-25,Active
King Saud University,Al Kharj,Sorting Robot,Healthcare,264,236,89.4,2024-05-06,Active
National Water Company,Riyadh,Task Organizer,Security,43,42,97.7,2024-01-22,Active
Almarai,Dhahran,Cleaning Robot,Administration,106,104,98.1,2024-02-03,Active
Alinma Bank,Riyadh,Inspection Robot,Security,296,280,94.6,2024-03-18,Active
Saudi Electricity Company,Dammam,Sorting Robot,Logistics,102,101,99.0,2024-05-07,Active
National Water Company,Mecca,Delivery Robot,Logistics,73,70,95.9,2024-03-05,Active
Riyadh Airports,Dammam,Delivery Robot,Security,130,127,97.7,2024-05-15,Active
Alhokair Group,Abha,Service Robot,Logistics,220,185,84.1,2024-01-17,Active
Ma'aden,Tabuk,Service Robot,Facility Management,118,116,98.3,2024-03-01,Active
Binladin Group,Al Kharj,Task Organizer,Facility Management,188,157,83.5,2024-04-12,Active
Tasnee,Jubail,Inspection Robot,Administration,30,30,100.0,2024-03-20,Active
STC,Riyadh,Inspection Robot,Logistics,297,283,95.3,2024-02-18,Active
National Water Company,Abha,Medical Assistant,IT,62,56,90.3,2024-02-04,Active
Alinma Bank,Jeddah,Medical Assistant,Customer Service,194,160,82.5,2024-03-16,Needs Maintenance
Mobily,Abha,Service Robot,Healthcare,155,143,92.3,2024-04-27,Active
Riyadh Airports,Al Kharj,Delivery Robot,Facility Management,256,240,93.8,2024-01-13,Active
King Saud University,Mecca,Sorting Robot,Healthcare,206,197,95.6,2024-02-17,Active
National Water Company,Riyadh,Service Robot,IT,120,117,97.5,2024-04-21,Active
Ma'aden,Madinah,Delivery Robot,Logistics,149,131,87.9,2024-01-14,Needs Maintenance
Riyadh Airports,Mecca,Service Robot,Administration,49,43,87.8,2024-01-25,Inactive
Almarai,Tabuk,Sorting Robot,Facility Management,184,182,98.9,2024-02-14,Active
National Water Company,Dammam,Sorting Robot,Healthcare,32,30,93.8,2024-03-10,Active
Saudi Electricity Company,Abha,Delivery Robot,Administration,206,186,90.3,2024-04-20,Active
Riyadh Airports,Jubail,Cleaning Robot,Production,151,141,93.4,2024-05-12,Active
Tasnee,Dammam,Cleaning Robot,IT,294,287,97.6,2024-05-09,Active
STC,Dammam,Medical Assistant,Healthcare,154,153,99.4,2024-04-26,Under Repair
National Water Company,Madinah,Inspection Robot,Healthcare,261,216,82.8,2024-02-01,Active
Al Rajhi Bank,Mecca,Task Organizer,Facility Management,158,140,88.6,2024-02-24,Active
Riyadh Airports,Abha,Service Robot,Administration,77,62,80.5,2024-03-05,Needs Maintenance
Saudi Aramco,Al Kharj,Task Organizer,Production,221,207,93.7,2024-05-08,Active
Saudi Electricity Company,Madinah,Medical Assistant,Production,192,180,93.8,2024-01-22,Active
Binladin Group,Jeddah,Delivery Robot,Logistics,175,171,97.7,2024-05-01,Inactive
Alhokair Group,Jubail,Cleaning Robot,Customer Service,208,172,82.7,2024-03-09,Active
Ma'aden,Riyadh,Medical Assistant,IT,163,149,91.4,2024-02-09,Active
Saudi Aramco,Jubail,Task Organizer,Logistics,272,241,88.6,2024-04-19,Active
Al Rajhi Bank,Madinah,Inspection Robot,Administration,270,258,95.6,2024-01-02,Inactive
Saudi Electricity Company,Abha,Delivery Robot,Healthcare,109,90,82.6,2024-02-18,Active
Binladin Group,Madinah,Sorting Robot,Logistics,46,39,84.8,2024-01-07,Inactive
King Saud University,Jeddah,Inspection Robot,Administration,34,32,94.1,2024-02-07,Active
Dar Al Riyadh,Dhahran,Inspection Robot,IT,149,147,98.7,2024-03-22,Active
Tasnee,Al Kharj,Task Organizer,Security,194,160,82.5,2024-05-14,Needs Maintenance
Binladin Group,Tabuk,Medical Assistant,Customer Service,31,27,87.1,2024-02-04,Active
Mobily,Jubail,Medical Assistant,Security,74,69,93.2,2024-05-03,Active
King Saud University,Tabuk,Cleaning Robot,IT,276,246,89.1,2024-01-15,Active
National Water Company,Jubail,Inspection Robot,Facility Management,193,187,96.9,2024-04-20,Active
Saudi Red Crescent,Al Kharj,Delivery Robot,Healthcare,150,135,90.0,2024-04-19,Active
King Saud University,Jubail,Cleaning Robot,IT,53,47,88.7,2024-04-13,Active
STC,Madinah,Sorting Robot,Healthcare,291,264,90.7,2024-05-15,Active
STC,Dammam,Cleaning Robot,Logistics,222,204,91.9,2024-03-22,Active
Binladin Group,Abha,Inspection Robot,Customer Service,225,193,85.8,2024-02-29,Active
Ma'aden,Riyadh,Cleaning Robot,Facility Management,298,248,83.2,2024-04-28,Active
Saudi German Hospital,Mecca,Service Robot,Administration,88,76,86.4,2024-02-14,Active
Alinma Bank,Jeddah,Medical Assistant,Customer Service,159,146,91.8,2024-02-18,Active
Riyadh Airports,Jeddah,Delivery Robot,Logistics,291,250,85.9,2024-03-29,Active
Ma'aden,Jubail,Delivery Robot,Healthcare,282,246,87.2,2024-01-30,Inactive
Saudi German Hospital,Al Kharj,Inspection Robot,Administration,218,198,90.8,2024-02-08,Active
Saudi Red Crescent,Al Kharj,Inspection Robot,Logistics,51,51,100.0,2024-02-15,Active
Al Rajhi Bank,Jubail,Sorting Robot,Healthcare,261,239,91.6,2024-01-22,Active
SABIC,Riyadh,Cleaning Robot,Healthcare,262,214,81.7,2024-03-15,Needs Maintenance
Saudi Electricity Company,Al Kharj,Inspection Robot,Production,110,109,99.1,2024-01-27,Active
Alinma Bank,Al Kharj,Delivery Robot,Security,74,63,85.1,2024-04-13,Active
Alinma Bank,Riyadh,Inspection Robot,Security,89,81,91.0,2024-01-11,Active
Dar Al Riyadh,Abha,Task Organizer,Administration,86,81,94.2,2024-04-17,Active
Saudi Electricity Company,Jeddah,Medical Assistant,Customer Service,254,224,88.2,2024-02-08,Active
Tasnee,Mecca,Task Organizer,Production,79,69,87.3,2024-03-12,Active
Tasnee,Abha,Task Organizer,Customer Service,229,204,89.1,2024-04-12,Active
Binladin Group,Mecca,Inspection Robot,Logistics,275,234,85.1,2024-01-22,Active
Mobily,Abha,Sorting Robot,Production,35,35,100.0,2024-05-16,Active
Saudi Post,Abha,Service Robot,Logistics,159,129,81.1,2024-03-03,Inactive
Saudi German Hospital,Jubail,Inspection Robot,Customer Service,34,28,82.4,2024-02-12,Active
Alinma Bank,Jeddah,Task Organizer,Production,175,146,83.4,2024-03-10,Active
Riyadh Airports,Abha,Task Organizer,Security,222,202,91.0,2024-02-22,Active
Almarai,Jubail,Medical Assistant,Logistics,46,37,80.4,2024-01-11,Active
STC,Jeddah,Cleaning Robot,Security,129,114,88.4,2024-01-21,Active
Saudi Electricity Company,Al Kharj,Inspection Robot,IT,237,212,89.5,2024-05-15,Active
Saudi Aramco,Jubail,Service Robot,Production,168,149,88.7,2024-03-07,Active
Almarai,Dammam,Service Robot,Administration,48,45,93.8,2024-01-27,Active
SABIC,Madinah,Delivery Robot,Customer Service,234,194,82.9,2024-05-14,Active
STC,Al Kharj,Task Organizer,Security,168,138,82.1,2024-04-24,Active
Al Rajhi Bank,Tabuk,Delivery Robot,Facility Management,194,169,87.1,2024-04-10,Active
Saudi Electricity Company,Al Kharj,Delivery Robot,Security,105,87,82.9,2024-04-05,Active
Binladin Group,Al Kharj,Medical Assistant,Logistics,255,239,93.7,2024-02-21,Active
Tasnee,Al Kharj,Cleaning Robot,Customer Service,30,30,100.0,2024-01-23,Active
Saudi German Hospital,Dhahran,Inspection Robot,Security,79,66,83.5,2024-05-07,Inactive
Saudi Post,Madinah,Service Robot,Facility Management,40,38,95.0,2024-04-17,Active
Saudi Electricity Company,Madinah,Service Robot,Facility Management,240,201,83.8,2024-04-17,Active
Mobily,Jubail,Cleaning Robot,Customer Service,257,231,89.9,2024-03-18,Active
National Water Company,Al Kharj,Medical Assistant,Logistics,188,165,87.8,2024-02-24,Active
SABIC,Jubail,Delivery Robot,Production,220,201,91.4,2024-01-25,Active
Dar Al Riyadh,Mecca,Task Organizer,Security,209,173,82.8,2024-03-18,Active
Saudi Red Crescent,Jeddah,Delivery Robot,Healthcare,155,140,90.3,2024-01-03,Under Repair
Al Rajhi Bank,Al Kharj,Sorting Robot,Healthcare,249,200,80.3,2024-01-14,Active
Binladin Group,Al Kharj,Cleaning Robot,Healthcare,293,237,80.9,2024-05-04,Active
Alhokair Group,Jeddah,Inspection Robot,Healthcare,55,48,87.3,2024-03-25,Inactive
National Water Company,Abha,Cleaning Robot,Administration,168,159,94.6,2024-01-04,Active
Alhokair Group,Riyadh,Task Organizer,Security,133,132,99.2,2024-01-20,Active
SABIC,Jubail,Inspection Robot,Facility Management,231,216,93.5,2024-01-30,Active
Al Rajhi Bank,Abha,Sorting Robot,Facility Management,81,65,80.2,2024-04-29,Needs Maintenance
Saudi Red Crescent,Riyadh,Medical Assistant,Facility Management,289,259,89.6,2024-03-04,Needs Maintenance
Saudi Aramco,Madinah,Task Organizer,Healthcare,239,237,99.2,2024-03-17,Active
Mobily,Mecca,Inspection Robot,Customer Service,140,117,83.6,2024-03-10,Active
SABIC,Dhahran,Delivery Robot,Healthcare,206,179,86.9,2024-01-20,Active
King Saud University,Jeddah,Sorting Robot,Healthcare,229,221,96.5,2024-04-07,Active
King Fahd Medical City,Dammam,Service Robot,IT,34,32,94.1,2024-01-28,Active
Al Rajhi Bank,Riyadh,Sorting Robot,Logistics,53,46,86.8,2024-05-16,Needs Maintenance
Al Rajhi Bank,Mecca,Task Organizer,Production,92,78,84.8,2024-03-30,Inactive
Ma'aden,Dammam,Sorting Robot,Administration,276,266,96.4,2024-04-14,Active
Tasnee,Dammam,Medical Assistant,Logistics,227,198,87.2,2024-02-28,Active
Binladin Group,Tabuk,Cleaning Robot,Facility Management,92,75,81.5,2024-03-12,Active
Saudi Electricity Company,Dhahran,Medical Assistant,IT,156,142,91.0,2024-03-05,Active
Ma'aden,Dhahran,Medical Assistant,Security,139,113,81.3,2024-02-16,Active
Almarai,Tabuk,Delivery Robot,IT,228,199,87.3,2024-05-08,Active
SABIC,Tabuk,Task Organizer,Customer Service,289,273,94.5,2024-02-23,Active
National Water Company,Dhahran,Medical Assistant,Production,205,198,96.6,2024-01-15,Needs Maintenance
Alhokair Group,Mecca,Medical Assistant,Healthcare,149,148,99.3,2024-05-05,Active
Alinma Bank,Riyadh,Task Organizer,IT,158,134,84.8,2024-03-02,Active
King Fahd Medical City,Dhahran,Sorting Robot,Logistics,180,168,93.3,2024-02-05,Active
Almarai,Abha,Inspection Robot,IT,247,200,81.0,2024-01-27,Active
King Fahd Medical City,Tabuk,Task Organizer,Production,261,231,88.5,2024-03-17,Active
Ma'aden,Dhahran,Medical Assistant,Facility Management,30,29,96.7,2024-01-22,Active
Mobily,Jeddah,Inspection Robot,Healthcare,93,85,91.4,2024-02-06,Active
Al Rajhi Bank,Abha,Medical Assistant,Security,196,162,82.7,2024-04-11,Active
Ma'aden,Mecca,Service Robot,Logistics,127,117,92.1,2024-05-10,Under Repair
Saudi Aramco,Mecca,Medical Assistant,Facility Management,66,66,100.0,2024-04-04,Active
King Fahd Medical City,Riyadh,Medical Assistant,Customer Service,146,119,81.5,2024-02-09,Active
Alhokair Group,Riyadh,Sorting Robot,Production,53,49,92.5,2024-05-09,Active
Saudi German Hospital,Riyadh,Cleaning Robot,Production,30,28,93.3,2024-03-28,Active
Dar Al Riyadh,Dhahran,Task Organizer,Logistics,171,170,99.4,2024-03-27,Active
King Fahd Medical City,Dammam,Medical Assistant,Logistics,206,193,93.7,2024-04-12,Needs Maintenance
Saudi Red Crescent,Dhahran,Inspection Robot,Logistics,290,265,91.4,2024-04-23,Under Repair
Saudi German Hospital,Dhahran,Delivery Robot,Administration,225,213,94.7,2024-01-12,Inactive
Mobily,Dhahran,Sorting Robot,Facility Management,206,177,85.9,2024-05-12,Active
STC,Dammam,Delivery Robot,Production,156,128,82.1,2024-04-12,Inactive
Alinma Bank,Tabuk,Service Robot,Logistics,159,131,82.4,2024-01-25,Active
Tasnee,Jubail,Task Organizer,Production,239,193,80.8,2024-02-09,Active
Saudi German Hospital,Jubail,Service Robot,Production,199,162,81.4,2024-03-17,Active
SABIC,Jubail,Inspection Robot,Production,234,197,84.2,2024-02-16,Active
Alinma Bank,Riyadh,Cleaning Robot,Healthcare,278,270,97.1,2024-01-23,Active
Riyadh Airports,Tabuk,Medical Assistant,Facility Management,38,32,84.2,2024-03-16,Active
Saudi Electricity Company,Tabuk,Inspection Robot,Healthcare,265,230,86.8,2024-03-01,Active
Saudi Red Crescent,Jubail,Sorting Robot,IT,115,115,100.0,2024-04-14,Active
Tasnee,Mecca,Task Organizer,Customer Service,59,55,93.2,2024-03-11,Active
King Fahd Medical City,Mecca,Inspection Robot,Administration,53,53,100.0,2024-02-06,Active
Saudi German Hospital,Al Kharj,Delivery Robot,Administration,214,213,99.5,2024-04-29,Active
Alinma Bank,Al Kharj,Sorting Robot,Logistics,259,234,90.3,2024-04-23,Active
Tasnee,Riyadh,Delivery Robot,IT,183,147,80.3,2024-03-11,Active
Saudi Red Crescent,Al Kharj,Cleaning Robot,Logistics,149,126,84.6,2024-01-25,Active
Riyadh Airports,Tabuk,Service Robot,Administration,223,207,92.8,2024-04-05,Active
Alhokair Group,Dhahran,Sorting Robot,Healthcare,284,233,82.0,2024-04-03,Active
Saudi Post,Madinah,Service Robot,Logistics,142,115,81.0,2024-02-09,Active
Binladin Group,Abha,Sorting Robot,Facility Management,99,88,88.9,2024-02-01,Active
King Saud University,Mecca,Sorting Robot,Customer Service,58,47,81.0,2024-05-13,Active
Dar Al Riyadh,Jubail,Service Robot,Security,68,59,86.8,2024-01-02,Under Repair
Riyadh Airports,Abha,Sorting Robot,Logistics,127,120,94.5,2024-02-27,Active
Almarai,Madinah,Delivery Robot,Logistics,215,211,98.1,2024-02-07,Active
Mobily,Jeddah,Delivery Robot,Production,124,120,96.8,2024-03-07,Active
Riyadh Airports,Riyadh,Sorting Robot,IT,102,85,83.3,2024-01-19,Needs Maintenance
Mobily,Abha,Medical Assistant,Logistics,286,245,85.7,2024-04-17,Active
Dar Al Riyadh,Mecca,Medical Assistant,Customer Service,86,78,90.7,2024-05-08,Active
Alinma Bank,Riyadh,Medical Assistant,IT,122,112,91.8,2024-05-13,Active
Almarai,Mecca,Cleaning Robot,Production,300,282,94.0,2024-01-02,Needs Maintenance
Binladin Group,Jeddah,Delivery Robot,Logistics,181,157,86.7,2024-04-06,Inactive
National Water Company,Riyadh,Task Organizer,Customer Service,164,152,92.7,2024-01-20,Active
Saudi Aramco,Jeddah,Sorting Robot,Administration,123,113,91.9,2024-02-06,Active
Almarai,Dammam,Service Robot,Healthcare,31,26,83.9,2024-03-24,Active
Saudi German Hospital,Jubail,Inspection Robot,Production,286,251,87.8,2024-04-24,Needs Maintenance
Riyadh Airports,Abha,Delivery Robot,Security,269,245,91.1,2024-05-14,Needs Maintenance
Alinma Bank,Dhahran,Cleaning Robot,Customer Service,168,153,91.1,2024-03-09,Active
Saudi German Hospital,Dhahran,Cleaning Robot,Customer Service,67,63,94.0,2024-04-20,Active
Alhokair Group,Al Kharj,Task Organizer,Facility Management,237,192,81.0,2024-04-23,Active
Almarai,Jeddah,Task Organizer,Healthcare,151,135,89.4,2024-04-28,Active
National Water Company,Jubail,Cleaning Robot,Facility Management,246,214,87.0,2024-03-10,Needs Maintenance
SABIC,Dammam,Sorting Robot,Administration,168,151,89.9,2024-05-08,Active
Saudi Electricity Company,Madinah,Service Robot,Administration,58,47,81.0,2024-03-07,Under Repair
Alinma Bank,Al Kharj,Service Robot,IT,177,145,81.9,2024-02-24,Under Repair
Binladin Group,Al Kharj,Delivery Robot,Facility Management,46,38,82.6,2024-05-08,Active
Saudi Aramco,Mecca,Service Robot,Logistics,212,173,81.6,2024-03-30,Active
STC,Tabuk,Sorting Robot,Customer Service,168,143,85.1,2024-03-26,Active
Tasnee,Dhahran,Service Robot,Production,161,150,93.2,2024-03-04,Active
Tasnee,Dhahran,Task Organizer,Healthcare,300,255,85.0,2024-02-17,Active
Ma'aden,Dhahran,Cleaning Robot,Production,30,24,80.0,2024-05-04,Needs Maintenance
STC,Dammam,Medical Assistant,Facility Management,76,75,98.7,2024-02-25,Active
Saudi Red Crescent,Mecca,Sorting Robot,Logistics,158,156,98.7,2024-05-03,Active
Mobily,Madinah,Sorting Robot,Production,197,192,97.5,2024-04-11,Active
Saudi Electricity Company,Jubail,Medical Assistant,Facility Management,139,138,99.3,2024-01-29,Active
Binladin Group,Al Kharj,Sorting Robot,Administration,87,86,98.9,2024-01-13,Needs Maintenance
Riyadh Airports,Abha,Medical Assistant,Production,149,148,99.3,2024-01-08,Inactive
Tasnee,Abha,Delivery Robot,Security,223,221,99.1,2024-04-01,Active
Alhokair Group,Al Kharj,Medical Assistant,IT,129,104,80.6,2024-02-29,Needs Maintenance
Alinma Bank,Dammam,Service Robot,Logistics,76,72,94.7,2024-05-02,Active
Alinma Bank,Mecca,Service Robot,Security,107,101,94.4,2024-02-25,Inactive
Alinma Bank,Abha,Sorting Robot,IT,176,176,100.0,2024-01-16,Active
King Saud University,Jeddah,Delivery Robot,Customer Service,109,99,90.8,2024-02-10,Active
Saudi Electricity Company,Tabuk,Medical Assistant,Production,88,86,97.7,2024-03-27,Active
Tasnee,Mecca,Sorting Robot,Security,159,147,92.5,2024-02-27,Needs Maintenance
Mobily,Madinah,Service Robot,Facility Management,160,133,83.1,2024-02-03,Needs Maintenance
Riyadh Airports,Tabuk,Sorting Robot,Facility Management,49,44,89.8,2024-02-06,Inactive
Saudi Post,Mecca,Sorting Robot,IT,246,201,81.7,2024-02-17,Active
Saudi Red Crescent,Riyadh,Sorting Robot,Administration,138,131,94.9,2024-01-17,Active
King Fahd Medical City,Tabuk,Service Robot,Production,150,134,89.3,2024-04-05,Active
King Fahd Medical City,Abha,Sorting Robot,Customer Service,210,183,87.1,2024-03-27,Active
Saudi Aramco,Tabuk,Medical Assistant,Administration,138,137,99.3,2024-04-21,Needs Maintenance
King Fahd Medical City,Jubail,Delivery Robot,Production,67,64,95.5,2024-03-12,Active
National Water Company,Al Kharj,Cleaning Robot,Security,107,103,96.3,2024-03-16,Active
Ma'aden,Mecca,Task Organizer,Administration,36,29,80.6,2024-02-26,Active
STC,Abha,Delivery Robot,Healthcare,31,28,90.3,2024-05-03,Active
Saudi German Hospital,Dhahran,Delivery Robot,Logistics,167,164,98.2,2024-01-18,Under Repair
STC,Jubail,Sorting Robot,Administration,138,116,84.1,2024-01-08,Needs Maintenance
Saudi Post,Jeddah,Cleaning Robot,Customer Service,278,235,84.5,2024-03-04,Active
National Water Company,Tabuk,Cleaning Robot,IT,215,199,92.6,2024-03-04,Active
King Fahd Medical City,Al Kharj,Sorting Robot,IT,48,40,83.3,2024-04-30,Under Repair
Saudi Aramco,Jeddah,Delivery Robot,Administration,127,123,96.9,2024-02-05,Active
Saudi Electricity Company,Al Kharj,Cleaning Robot,Healthcare,125,115,92.0,2024-05-05,Active
King Saud University,Dammam,Service Robot,Administration,161,134,83.2,2024-04-26,Under Repair
Saudi Aramco,Madinah,Sorting Robot,Administration,127,120,94.5,2024-01-17,Needs Maintenance
Tasnee,Mecca,Task Organizer,Administration,46,41,89.1,2024-03-08,Active
Riyadh Airports,Jubail,Medical Assistant,Healthcare,139,122,87.8,2024-03-22,Active
Saudi Red Crescent,Abha,Service Robot,Healthcare,83,76,91.6,2024-05-17,Active
King Fahd Medical City,Madinah,Delivery Robot,Security,211,208,98.6,2024-04-23,Active
Al Rajhi Bank,Dammam,Cleaning Robot,Administration,152,135,88.8,2024-03-31,Active
Saudi Post,Dammam,Medical Assistant,Security,30,25,83.3,2024-04-26,Active
Mobily,Tabuk,Sorting Robot,Security,87,81,93.1,2024-04-15,Under Repair
Mobily,Tabuk,Inspection Robot,Administration,89,75,84.3,2024-05-10,Active
Saudi Post,Abha,Medical Assistant,Production,131,125,95.4,2024-02-07,Active
Riyadh Airports,Tabuk,Task Organizer,Production,64,62,96.9,2024-01-26,Inactive
Mobily,Madinah,Medical Assistant,IT,93,76,81.7,2024-02-18,Active
Tasnee,Jeddah,Task Organizer,Customer Service,212,199,93.9,2024-02-09,Inactive
Alhokair Group,Tabuk,Delivery Robot,Facility Management,222,212,95.5,2024-02-02,Needs Maintenance
Tasnee,Dhahran,Inspection Robot,Administration,229,187,81.7,2024-05-20,Active
Saudi Aramco,Mecca,Sorting Robot,Production,74,74,100.0,2024-02-26,Needs Maintenance
Al Rajhi Bank,Tabuk,Inspection Robot,Facility Management,63,57,90.5,2024-01-01,Active
Saudi Aramco,Jeddah,Task Organizer,Security,112,105,93.8,2024-02-15,Active
Al Rajhi Bank,Dhahran,Delivery Robot,Customer Service,163,142,87.1,2024-04-19,Active
Mobily,Jubail,Delivery Robot,Administration,275,236,85.8,2024-01-12,Active
SABIC,Mecca,Task Organizer,Administration,211,192,91.0,2024-03-27,Active
Tasnee,Jeddah,Medical Assistant,Security,34,32,94.1,2024-03-10,Active
Binladin Group,Riyadh,Inspection Robot,Security,267,229,85.8,2024-03-26,Inactive
STC,Madinah,Delivery Robot,Security,232,188,81.0,2024-04-13,Needs Maintenance
Saudi Electricity Company,Madinah,Cleaning Robot,Security,270,223,82.6,2024-04-10,Active
Binladin Group,Riyadh,Inspection Robot,Customer Service,92,77,83.7,2024-03-10,Active
Alinma Bank,Al Kharj,Task Organizer,Production,147,118,80.3,2024-05-03,Active
Saudi Aramco,Al Kharj,Medical Assistant,Administration,63,52,82.5,2024-03-19,Active
National Water Company,Abha,Sorting Robot,Security,63,54,85.7,2024-05-13,Active
National Water Company,Riyadh,Sorting Robot,Production,244,236,96.7,2024-02-25,Active
King Saud University,Abha,Delivery Robot,Production,155,132,85.2,2024-01-12,Active
Tasnee,Dhahran,Service Robot,Logistics,229,214,93.4,2024-01-03,Active
National Water Company,Jeddah,Medical Assistant,Production,110,107,97.3,2024-03-29,Active
Al Rajhi Bank,Jubail,Delivery Robot,Security,142,122,85.9,2024-04-13,Active
Al Rajhi Bank,Al Kharj,Sorting Robot,Facility Management,145,122,84.1,2024-04-21,Active
Saudi Electricity Company,Jubail,Cleaning Robot,Facility Management,153,147,96.1,2024-04-17,Needs Maintenance
Saudi Electricity Company,Al Kharj,Service Robot,IT,34,32,94.1,2024-02-05,Active
National Water Company,Dhahran,Service Robot,Administration,144,118,81.9,2024-01-04,Active
SABIC,Jeddah,Sorting Robot,Healthcare,245,196,80.0,2024-05-16,Needs Maintenance
Tasnee,Jubail,Sorting Robot,Healthcare,104,103,99.0,2024-02-24,Active
Saudi Red Crescent,Jubail,Medical Assistant,Production,87,82,94.3,2024-02-24,Active
King Saud University,Dammam,Service Robot,Healthcare,39,34,87.2,2024-05-13,Active
Al Rajhi Bank,Jeddah,Service Robot,Facility Management,148,143,96.6,2024-03-04,Needs Maintenance
Al Rajhi Bank,Dammam,Delivery Robot,Logistics,50,41,82.0,2024-03-02,Inactive
Alinma Bank,Jeddah,Service Robot,Customer Service,58,55,94.8,2024-01-04,Active
Riyadh Airports,Tabuk,Cleaning Robot,Healthcare,48,48,100.0,2024-05-11,Active
Saudi German Hospital,Madinah,Medical Assistant,Customer Service,208,177,85.1,2024-02-26,Needs Maintenance
National Water Company,Mecca,Inspection Robot,Healthcare,174,165,94.8,2024-03-24,Active
King Fahd Medical City,Al Kharj,Task Organizer,Customer Service,78,66,84.6,2024-01-04,Active
Ma'aden,Dammam,Service Robot,Administration,210,178,84.8,2024-02-29,Needs Maintenance
Dar Al Riyadh,Dammam,Task Organizer,Administration,66,65,98.5,2024-04-13,Under Repair
Al Rajhi Bank,Mecca,Task Organizer,Facility Management,230,215,93.5,2024-04-10,Inactive
STC,Dhahran,Cleaning Robot,Logistics,211,210,99.5,2024-03-14,Active
STC,Jubail,Service Robot,Administration,190,189,99.5,2024-01-24,Active
STC,Riyadh,Sorting Robot,IT,202,170,84.2,2024-03-21,Active
Saudi Post,Mecca,Service Robot,Logistics,165,145,87.9,2024-05-13,Active
Dar Al Riyadh,Jeddah,Sorting Robot,Security,92,86,93.5,2024-02-01,Under Repair
King Saud University,Jubail,Service Robot,Security,300,266,88.7,2024-03-22,Needs Maintenance
Tasnee,Abha,Delivery Robot,Production,281,273,97.2,2024-03-30,Inactive
King Fahd Medical City,Madinah,Inspection Robot,Production,232,226,97.4,2024-03-14,Active
Saudi German Hospital,Dammam,Cleaning Robot,Healthcare,267,216,80.9,2024-03-27,Active
Saudi Post,Tabuk,Service Robot,Security,60,49,81.7,2024-05-20,Active
Mobily,Riyadh,Service Robot,Facility Management,117,103,88.0,2024-05-04,Active
Saudi Post,Dammam,Medical Assistant,Security,278,226,81.3,2024-01-06,Active
Al Rajhi Bank,Al Kharj,Service Robot,Facility Management,73,59,80.8,2024-04-08,Active
Saudi Aramco,Jubail,Task Organizer,Healthcare,96,93,96.9,2024-02-19,Active
Mobily,Tabuk,Delivery Robot,IT,77,65,84.4,2024-02-22,Active
King Saud University,Dammam,Delivery Robot,Facility Management,66,60,90.9,2024-04-07,Inactive
King Saud University,Madinah,Service Robot,Administration,296,248,83.8,2024-04-19,Active
SABIC,Madinah,Medical Assistant,Production,278,264,95.0,2024-04-03,Active
Dar Al Riyadh,Abha,Cleaning Robot,IT,238,197,82.8,2024-02-23,Needs Maintenance
Almarai,Jubail,Task Organizer,Customer Service,116,98,84.5,2024-03-14,Active
SABIC,Tabuk,Inspection Robot,Production,157,130,82.8,2024-04-19,Active
Al Rajhi Bank,Riyadh,Sorting Robot,Healthcare,219,216,98.6,2024-02-03,Active
Saudi Electricity Company,Tabuk,Medical Assistant,Customer Service,109,94,86.2,2024-04-25,Active
King Saud University,Abha,Inspection Robot,Facility Management,241,238,98.8,2024-02-22,Active
STC,Abha,Task Organizer,Healthcare,180,173,96.1,2024-04-01,Active
Al Rajhi Bank,Mecca,Medical Assistant,Logistics,264,253,95.8,2024-04-13,Active
King Fahd Medical City,Jubail,Task Organizer,IT,183,166,90.7,2024-03-21,Active
King Fahd Medical City,Mecca,Service Robot,Logistics,108,95,88.0,2024-05-17,Inactive
Dar Al Riyadh,Mecca,Sorting Robot,Healthcare,150,129,86.0,2024-05-09,Active
Dar Al Riyadh,Mecca,Cleaning Robot,Logistics,90,87,96.7,2024-05-20,Needs Maintenance
Dar Al Riyadh,Dammam,Service Robot,Logistics,92,85,92.4,2024-04-18,Active
SABIC,Jubail,Sorting Robot,Production,137,133,97.1,2024-02-07,Active
Binladin Group,Riyadh,Medical Assistant,Logistics,162,156,96.3,2024-03-09,Active
Saudi Aramco,Dhahran,Delivery Robot,Healthcare,228,205,89.9,2024-04-04,Active
Saudi Red Crescent,Jubail,Sorting Robot,Healthcare,107,95,88.8,2024-02-20,Active
SABIC,Riyadh,Service Robot,Administration,58,49,84.5,2024-02-17,Active
Almarai,Abha,Sorting Robot,Healthcare,89,86,96.6,2024-02-26,Active
SABIC,Riyadh,Cleaning Robot,Security,140,125,89.3,2024-05-08,Inactive
Almarai,Tabuk,Task Organizer,Healthcare,268,221,82.5,2024-03-08,Under Repair
Binladin Group,Riyadh,Service Robot,Facility Management,112,102,91.1,2024-04-25,Active
Saudi Electricity Company,Dammam,Cleaning Robot,Logistics,279,234,83.9,2024-01-21,Active
Riyadh Airports,Madinah,Sorting Robot,Healthcare,80,65,81.2,2024-01-07,Inactive
Alinma Bank,Mecca,Delivery Robot,Production,268,226,84.3,2024-05-01,Active
Alhokair Group,Jubail,Delivery Robot,Administration,144,141,97.9,2024-01-31,Active
Tasnee,Mecca,Medical Assistant,Production,76,63,82.9,2024-02-29,Active
Ma'aden,Abha,Cleaning Robot,Logistics,58,56,96.6,2024-05-17,Inactive
King Saud University,Dammam,Service Robot,Facility Management,125,114,91.2,2024-03-05,Active
Saudi Electricity Company,Mecca,Cleaning Robot,IT,287,240,83.6,2024-04-26,Needs Maintenance
Mobily,Abha,Sorting Robot,Production,248,234,94.4,2024-05-03,Inactive
Alinma Bank,Tabuk,Sorting Robot,Customer Service,56,56,100.0,2024-02-22,Needs Maintenance
Riyadh Airports,Abha,Service Robot,IT,146,138,94.5,2024-05-19,Active
Riyadh Airports,Jubail,Service Robot,Production,119,96,80.7,2024-02-06,Active
Al Rajhi Bank,Madinah,Delivery Robot,Healthcare,295,254,86.1,2024-03-29,Active
Saudi Post,Al Kharj,Service Robot,IT,182,176,96.7,2024-03-30,Active
Alhokair Group,Dhahran,Service Robot,Administration,44,44,100.0,2024-03-20,Active
Tasnee,Jeddah,Cleaning Robot,Logistics,83,77,92.8,2024-02-08,Active
STC,Dhahran,Sorting Robot,Security,69,66,95.7,2024-03-28,Under Repair
Alhokair Group,Abha,Medical Assistant,IT,284,239,84.2,2024-01-05,Active
Ma'aden,Riyadh,Service Robot,Logistics,38,36,94.7,2024-01-26,Active
Al Rajhi Bank,Jeddah,Cleaning Robot,Administration,184,168,91.3,2024-02-27,Active
Mobily,Mecca,Cleaning Robot,Customer Service,237,237,100.0,2024-04-16,Active
Saudi Red Crescent,Abha,Medical Assistant,Healthcare,71,64,90.1,2024-03-22,Active
Binladin Group,Mecca,Inspection Robot,Administration,194,157,80.9,2024-02-03,Active
Ma'aden,Jubail,Sorting Robot,Facility Management,249,222,89.2,2024-03-20,Active
Riyadh Airports,Tabuk,Cleaning Robot,IT,233,230,98.7,2024-04-13,Inactive
King Saud University,Dammam,Task Organizer,Facility Management,162,140,86.4,2024-01-29,Active
Alinma Bank,Al Kharj,Task Organizer,Production,218,189,86.7,2024-03-08,Active
Ma'aden,Riyadh,Service Robot,Security,190,167,87.9,2024-04-25,Active
Binladin Group,Jubail,Task Organizer,Logistics,279,270,96.8,2024-03-18,Needs Maintenance
Alhokair Group,Tabuk,Cleaning Robot,Administration,98,98,100.0,2024-01-16,Active
Ma'aden,Dhahran,Cleaning Robot,Administration,75,72,96.0,2024-03-23,Active
Saudi Electricity Company,Tabuk,Service Robot,Security,234,207,88.5,2024-01-20,Active
Saudi Post,Abha,Sorting Robot,Administration,194,193,99.5,2024-01-19,Needs Maintenance
Saudi Electricity Company,Madinah,Medical Assistant,IT,157,140,89.2,2024-02-05,Needs Maintenance
STC,Abha,Task Organizer,Customer Service,168,145,86.3,2024-03-05,Active
Binladin Group,Abha,Service Robot,IT,293,266,90.8,2024-04-02,Needs Maintenance
Saudi Post,Riyadh,Service Robot,IT,81,65,80.2,2024-04-11,Active
Ma'aden,Riyadh,Medical Assistant,Administration,192,189,98.4,2024-03-07,Active
Saudi German Hospital,Jeddah,Service Robot,Security,44,37,84.1,2024-02-25,Active
National Water Company,Jeddah,Medical Assistant,Administration,241,195,80.9,2024-04-05,Active
Al Rajhi Bank,Jubail,Sorting Robot,Security,52,49,94.2,2024-04-07,Active
Almarai,Mecca,Delivery Robot,Customer Service,292,270,92.5,2024-04-26,Active
King Saud University,Jubail,Sorting Robot,Customer Service,229,191,83.4,2024-05-18,Active
SABIC,Riyadh,Inspection Robot,IT,212,178,84.0,2024-04-04,Active
King Saud University,Dhahran,Cleaning Robot,Customer Service,292,287,98.3,2024-03-18,Active
Saudi Red Crescent,Dammam,Inspection Robot,Security,296,250,84.5,2024-04-23,Active
Saudi Aramco,Riyadh,Service Robot,Logistics,278,224,80.6,2024-01-24,Under Repair
Alinma Bank,Al Kharj,Delivery Robot,Logistics,161,139,86.3,2024-04-05,Needs Maintenance
Dar Al Riyadh,Dammam,Inspection Robot,Security,36,33,91.7,2024-02-27,Active
SABIC,Tabuk,Sorting Robot,IT,166,153,92.2,2024-05-09,Active
Ma'aden,Jubail,Delivery Robot,Production,256,241,94.1,2024-05-04,Active
Saudi German Hospital,Dhahran,Medical Assistant,Healthcare,219,184,84.0,2024-04-15,Active
Saudi German Hospital,Mecca,Sorting Robot,IT,67,54,80.6,2024-04-12,Active
Tasnee,Riyadh,Task Organizer,Administration,57,57,100.0,2024-02-03,Needs Maintenance
Mobily,Al Kharj,Medical Assistant,Customer Service,112,98,87.5,2024-03-23,Active
Tasnee,Al Kharj,Cleaning Robot,IT,107,94,87.9,2024-05-18,Active
Alinma Bank,Tabuk,Service Robot,Administration,155,154,99.4,2024-04-17,Needs Maintenance
King Saud University,Al Kharj,Cleaning Robot,Logistics,86,86,100.0,2024-02-28,Active
STC,Riyadh,Inspection Robot,Facility Management,197,172,87.3,2024-04-27,Active
Alinma Bank,Jubail,Service Robot,Facility Management,160,155,96.9,2024-04-13,Active
Al Rajhi Bank,Abha,Cleaning Robot,Administration,73,63,86.3,2024-01-18,Inactive
Mobily,Mecca,Inspection Robot,Logistics,267,225,84.3,2024-05-12,Active
Saudi Post,Al Kharj,Inspection Robot,Customer Service,100,87,87.0,2024-01-11,Active
Saudi Aramco,Jeddah,Medical Assistant,Logistics,200,177,88.5,2024-04-28,Active
Saudi Aramco,Abha,Medical Assistant,Healthcare,33,31,93.9,2024-04-04,Active
Al Rajhi Bank,Abha,Inspection Robot,Logistics,99,98,99.0,2024-05-16,Needs Maintenance
National Water Company,Al Kharj,Service Robot,Logistics,288,286,99.3,2024-03-09,Active
STC,Madinah,Task Organizer,Administration,73,70,95.9,2024-03-04,Active
King Fahd Medical City,Riyadh,Inspection Robot,Security,200,166,83.0,2024-03-30,Active
Saudi Aramco,Riyadh,Inspection Robot,IT,153,131,85.6,2024-04-08,Active
Saudi Electricity Company,Dammam,Delivery Robot,Healthcare,220,196,89.1,2024-04-25,Active
Saudi Red Crescent,Abha,Sorting Robot,Logistics,54,50,92.6,2024-05-14,Active
Riyadh Airports,Abha,Task Organizer,Customer Service,297,295,99.3,2024-01-22,Active
SABIC,Madinah,Task Organizer,Administration,211,200,94.8,2024-01-18,Active
King Fahd Medical City,Madinah,Service Robot,Security,108,98,90.7,2024-01-12,Active
Almarai,Mecca,Delivery Robot,Administration,68,61,89.7,2024-01-19,Active
King Fahd Medical City,Abha,Medical Assistant,Healthcare,69,59,85.5,2024-01-05,Active
SABIC,Al Kharj,Inspection Robot,Logistics,40,36,90.0,2024-02-05,Under Repair
Saudi Red Crescent,Abha,Task Organizer,Production,48,43,89.6,2024-05-16,Active
Saudi Aramco,Abha,Service Robot,Customer Service,239,223,93.3,2024-02-14,Active
Alinma Bank,Dhahran,Medical Assistant,Production,217,197,90.8,2024-03-31,Active
Saudi Electricity Company,Madinah,Task Organizer,Logistics,173,158,91.3,2024-02-26,Needs Maintenance
Alhokair Group,Dhahran,Service Robot,Healthcare,254,242,95.3,2024-02-18,Active
Al Rajhi Bank,Mecca,Medical Assistant,Administration,169,156,92.3,2024-01-15,Active
Alinma Bank,Tabuk,Medical Assistant,Security,49,41,83.7,2024-04-29,Needs Maintenance
Almarai,Abha,Task Organizer,Logistics,55,54,98.2,2024-02-20,Active
Al Rajhi Bank,Jubail,Cleaning Robot,Logistics,271,266,98.2,2024-05-19,Inactive
Saudi Post,Jeddah,Service Robot,Facility Management,288,255,88.5,2024-01-09,Needs Maintenance
Alhokair Group,Tabuk,Inspection Robot,Administration,174,156,89.7,2024-01-02,Active
Saudi Post,Madinah,Cleaning Robot,IT,120,107,89.2,2024-04-20,Active
Saudi Electricity Company,Jubail,Cleaning Robot,Facility Management,282,277,98.2,2024-03-03,Active
Al Rajhi Bank,Mecca,Cleaning Robot,IT,275,220,80.0,2024-02-27,Active
Mobily,Jubail,Cleaning Robot,IT,164,145,88.4,2024-02-12,Under Repair
Tasnee,Jeddah,Medical Assistant,Customer Service,210,182,86.7,2024-02-25,Active
Riyadh Airports,Abha,Medical Assistant,Administration,115,97,84.3,2024-03-27,Active
Tasnee,Madinah,Task Organizer,Healthcare,183,180,98.4,2024-03-28,Needs Maintenance
Saudi Post,Al Kharj,Delivery Robot,Logistics,92,84,91.3,2024-01-21,Active
Saudi German Hospital,Dhahran,Inspection Robot,Customer Service,292,269,92.1,2024-05-16,Active
King Saud University,Dammam,Cleaning Robot,Facility Management,172,152,88.4,2024-04-10,Active
Saudi German Hospital,Madinah,Medical Assistant,Administration,84,84,100.0,2024-03-14,Inactive
King Fahd Medical City,Abha,Service Robot,Customer Service,62,52,83.9,2024-02-04,Active
Dar Al Riyadh,Al Kharj,Medical Assistant,IT,88,83,94.3,2024-04-01,Active
King Saud University,Al Kharj,Cleaning Robot,IT,145,127,87.6,2024-01-24,Active
Tasnee,Abha,Delivery Robot,Healthcare,183,164,89.6,2024-04-17,Under Repair
National Water Company,Riyadh,Medical Assistant,Facility Management,107,99,92.5,2024-03-04,Active
King Fahd Medical City,Riyadh,Inspection Robot,Logistics,118,99,83.9,2024-05-16,Active
Tasnee,Abha,Service Robot,Security,179,146,81.6,2024-01-12,Active
STC,Tabuk,Delivery Robot,Customer Service,120,96,80.0,2024-05-14,Active
Dar Al Riyadh,Jubail,Inspection Robot,Administration,85,73,85.9,2024-05-07,Active
Saudi German Hospital,Abha,Cleaning Robot,Healthcare,240,239,99.6,2024-01-07,Inactive
King Saud University,Dammam,Sorting Robot,Security,130,126,96.9,2024-04-10,Active
Ma'aden,Mecca,Medical Assistant,Customer Service,128,113,88.3,2024-04-13,Under Repair
King Fahd Medical City,Madinah,Medical Assistant,Security,195,167,85.6,2024-04-27,Active
STC,Jeddah,Medical Assistant,Administration,44,44,100.0,2024-03-04,Active
Mobily,Riyadh,Task Organizer,Customer Service,104,92,88.5,2024-05-04,Active
National Water Company,Abha,Sorting Robot,Production,103,99,96.1,2024-05-18,Active
Ma'aden,Abha,Inspection Robot,Facility Management,136,114,83.8,2024-01-11,Active
Saudi German Hospital,Abha,Service Robot,Healthcare,175,154,88.0,2024-05-07,Active
SABIC,Riyadh,Inspection Robot,Customer Service,300,283,94.3,2024-02-05,Active
King Fahd Medical City,Jubail,Sorting Robot,Facility Management,38,38,100.0,2024-04-14,Active
National Water Company,Jeddah,Medical Assistant,Production,254,230,90.6,2024-03-02,Active
Tasnee,Tabuk,Task Organizer,Security,233,195,83.7,2024-02-06,Active
Ma'aden,Madinah,Task Organizer,Healthcare,117,115,98.3,2024-05-06,Active
Riyadh Airports,Jeddah,Cleaning Robot,Logistics,213,180,84.5,2024-03-08,Active
Almarai,Tabuk,Service Robot,Production,263,211,80.2,2024-02-09,Under Repair
STC,Al Kharj,Task Organizer,Security,91,84,92.3,2024-04-06,Active
STC,Abha,Inspection Robot,Facility Management,116,98,84.5,2024-04-18,Active
Al Rajhi Bank,Al Kharj,Cleaning Robot,Logistics,282,278,98.6,2024-04-20,Under Repair
National Water Company,Jubail,Cleaning Robot,Administration,93,82,88.2,2024-03-12,Active
Saudi Post,Riyadh,Service Robot,Administration,80,65,81.2,2024-05-06,Active
Riyadh Airports,Riyadh,Inspection Robot,Logistics,121,116,95.9,2024-02-01,Active
Alhokair Group,Madinah,Cleaning Robot,Administration,52,44,84.6,2024-04-21,Under Repair
Saudi Aramco,Tabuk,Inspection Robot,Administration,170,141,82.9,2024-03-21,Active
National Water Company,Tabuk,Cleaning Robot,Facility Management,299,285,95.3,2024-03-09,Active
King Saud University,Mecca,Sorting Robot,Customer Service,122,118,96.7,2024-02-15,Active
Saudi Red Crescent,Riyadh,Task Organizer,Administration,76,73,96.1,2024-02-16,Active
Saudi Electricity Company,Jubail,Task Organizer,Administration,294,269,91.5,2024-02-13,Active
National Water Company,Mecca,Sorting Robot,Customer Service,273,265,97.1,2024-03-09,Active
Binladin Group,Jeddah,Sorting Robot,Facility Management,106,106,100.0,2024-04-21,Active
STC,Mecca,Sorting Robot,Logistics,208,182,87.5,2024-04-05,Active
Saudi Aramco,Jubail,Service Robot,Customer Service,46,37,80.4,2024-03-05,Active
Saudi Aramco,Madinah,Sorting Robot,Logistics,193,155,80.3,2024-02-12,Active
Almarai,Jeddah,Sorting Robot,Healthcare,266,222,83.5,2024-01-27,Active
Ma'aden,Madinah,Inspection Robot,Logistics,143,135,94.4,2024-02-12,Under Repair
Almarai,Dhahran,Inspection Robot,Customer Service,256,206,80.5,2024-05-01,Active
Saudi Aramco,Tabuk,Delivery Robot,Facility Management,117,117,100.0,2024-03-15,Active
Saudi Red Crescent,Abha,Medical Assistant,Facility Management,184,155,84.2,2024-02-01,Active
King Fahd Medical City,Al Kharj,Medical Assistant,Administration,176,165,93.8,2024-02-06,Active
Saudi Electricity Company,Jubail,Service Robot,Administration,163,147,90.2,2024-01-18,Under Repair
Saudi Red Crescent,Riyadh,Sorting Robot,Security,66,54,81.8,2024-05-14,Active
Saudi Electricity Company,Mecca,Sorting Robot,IT,191,188,98.4,2024-04-09,Active
King Saud University,Madinah,Sorting Robot,Production,44,38,86.4,2024-03-20,Active
STC,Riyadh,Task Organizer,Facility Management,60,55,91.7,2024-05-04,Active
Binladin Group,Madinah,Cleaning Robot,Production,32,31,96.9,2024-04-30,Active
Almarai,Madinah,Inspection Robot,Administration,119,103,86.6,2024-03-22,Active
Tasnee,Jeddah,Inspection Robot,Healthcare,164,140,85.4,2024-03-23,Active
Dar Al Riyadh,Riyadh,Task Organizer,Facility Management,128,112,87.5,2024-03-29,Active
Saudi Post,Al Kharj,Delivery Robot,Customer Service,124,112,90.3,2024-02-27,Active
Riyadh Airports,Jeddah,Inspection Robot,IT,285,283,99.3,2024-03-20,Active
Tasnee,Jeddah,Inspection Robot,Administration,245,210,85.7,2024-04-11,Under Repair
Riyadh Airports,Abha,Inspection Robot,Logistics,83,83,100.0,2024-04-20,Active
Tasnee,Madinah,Cleaning Robot,IT,40,32,80.0,2024-05-01,Active
Alhokair Group,Dammam,Sorting Robot,Logistics,274,239,87.2,2024-01-11,Under Repair
Saudi German Hospital,Jubail,Delivery Robot,Healthcare,85,77,90.6,2024-05-12,Active
STC,Abha,Task Organizer,Administration,253,207,81.8,2024-01-01,Needs Maintenance
King Saud University,Jubail,Service Robot,Administration,103,101,98.1,2024-05-05,Active
SABIC,Riyadh,Task Organizer,Healthcare,178,143,80.3,2024-04-11,Active
Saudi Aramco,Dhahran,Medical Assistant,Customer Service,69,68,98.6,2024-03-07,Active
Dar Al Riyadh,Al Kharj,Delivery Robot,Facility Management,108,108,100.0,2024-02-28,Inactive
Saudi Red Crescent,Madinah,Medical Assistant,Facility Management,226,209,92.5,2024-02-25,Active
SABIC,Abha,Service Robot,Facility Management,71,67,94.4,2024-03-25,Active
Riyadh Airports,Jeddah,Inspection Robot,Security,200,188,94.0,2024-03-07,Active
Saudi Electricity Company,Jubail,Service Robot,Healthcare,130,117,90.0,2024-01-14,Active
Binladin Group,Al Kharj,Task Organizer,Logistics,127,120,94.5,2024-05-12,Active
King Saud University,Al Kharj,Inspection Robot,Logistics,141,132,93.6,2024-01-14,Active
Saudi Post,Madinah,Inspection Robot,Administration,125,115,92.0,2024-04-27,Inactive
Saudi German Hospital,Al Kharj,Service Robot,Healthcare,259,239,92.3,2024-04-17,Active
STC,Al Kharj,Service Robot,Healthcare,66,60,90.9,2024-02-10,Active
SABIC,Jubail,Cleaning Robot,Administration,36,33,91.7,2024-01-10,Active
Riyadh Airports,Al Kharj,Sorting Robot,Customer Service,54,47,87.0,2024-01-27,Active
Mobily,Dammam,Service Robot,Customer Service,35,32,91.4,2024-01-03,Active
Dar Al Riyadh,Dammam,Inspection Robot,Administration,278,257,92.4,2024-01-10,Active
Dar Al Riyadh,Abha,Delivery Robot,Logistics,271,227,83.8,2024-01-08,Active
Almarai,Dhahran,Inspection Robot,Customer Service,253,208,82.2,2024-03-02,Active
King Fahd Medical City,Madinah,Inspection Robot,Administration,132,110,83.3,2024-01-12,Active
Tasnee,Mecca,Medical Assistant,Healthcare,212,179,84.4,2024-01-07,Inactive
Almarai,Abha,Service Robot,Facility Management,269,252,93.7,2024-02-04,Active
Alhokair Group,Tabuk,Task Organizer,Logistics,182,164,90.1,2024-04-28,Active
Mobily,Abha,Medical Assistant,Production,162,149,92.0,2024-01-03,Active
Riyadh Airports,Dammam,Cleaning Robot,Customer Service,200,192,96.0,2024-02-29,Active
Alinma Bank,Al Kharj,Delivery Robot,Healthcare,275,258,93.8,2024-01-20,Active
Riyadh Airports,Mecca,Delivery Robot,Security,138,120,87.0,2024-04-12,Active
STC,Al Kharj,Medical Assistant,Logistics,242,194,80.2,2024-05-10,Active
Ma'aden,Jubail,Delivery Robot,IT,106,101,95.3,2024-04-04,Active
National Water Company,Al Kharj,Delivery Robot,IT,250,230,92.0,2024-04-22,Inactive
Al Rajhi Bank,Madinah,Cleaning Robot,Customer Service,170,144,84.7,2024-04-17,Under Repair
Mobily,Al Kharj,Inspection Robot,Facility Management,262,211,80.5,2024-02-04,Inactive
Saudi Aramco,Mecca,Sorting Robot,Customer Service,180,158,87.8,2024-03-01,Active
STC,Abha,Inspection Robot,Customer Service,256,206,80.5,2024-02-22,Active
Alhokair Group,Dammam,Sorting Robot,Security,243,204,84.0,2024-05-01,Active
Al Rajhi Bank,Dhahran,Delivery Robot,Customer Service,294,263,89.5,2024-01-06,Needs Maintenance
SABIC,Dhahran,Delivery Robot,Production,100,93,93.0,2024-01-22,Active
King Fahd Medical City,Riyadh,Medical Assistant,Customer Service,74,66,89.2,2024-04-03,Active
STC,Abha,Cleaning Robot,Security,146,134,91.8,2024-01-02,Active
STC,Dammam,Medical Assistant,Production,130,121,93.1,2024-01-04,Inactive
Alinma Bank,Abha,Inspection Robot,Administration,230,222,96.5,2024-03-02,Under Repair
Mobily,Riyadh,Medical Assistant,Security,267,264,98.9,2024-05-09,Active
Mobily,Al Kharj,Service Robot,Customer Service,182,154,84.6,2024-05-10,Active
King Fahd Medical City,Jeddah,Delivery Robot,Facility Management,57,52,91.2,2024-02-09,Inactive
Saudi German Hospital,Jeddah,Sorting Robot,Security,35,30,85.7,2024-02-27,Needs Maintenance
Binladin Group,Mecca,Delivery Robot,Administration,66,57,86.4,2024-02-16,Needs Maintenance
Binladin Group,Dammam,Inspection Robot,Customer Service,249,215,86.3,2024-04-19,Active
STC,Riyadh,Inspection Robot,Administration,122,108,88.5,2024-04-13,Active
Binladin Group,Jubail,Sorting Robot,Production,241,207,85.9,2024-04-28,Active
Riyadh Airports,Mecca,Sorting Robot,Healthcare,153,144,94.1,2024-03-10,Active
National Water Company,Dammam,Sorting Robot,Healthcare,176,172,97.7,2024-05-05,Active
Al Rajhi Bank,Madinah,Service Robot,Security,283,238,84.1,2024-02-01,Active
Almarai,Jeddah,Inspection Robot,Security,276,225,81.5,2024-02-01,Active
SABIC,Abha,Inspection Robot,Healthcare,87,86,98.9,2024-05-12,Inactive
Saudi Red Crescent,Abha,Medical Assistant,Security,69,59,85.5,2024-04-27,Active
Binladin Group,Dammam,Delivery Robot,Logistics,137,128,93.4,2024-01-07,Active
SABIC,Riyadh,Service Robot,Healthcare,80,80,100.0,2024-05-17,Active
Ma'aden,Abha,Sorting Robot,Administration,221,189,85.5,2024-04-19,Active
STC,Jubail,Sorting Robot,Security,37,31,83.8,2024-03-16,Needs Maintenance
SABIC,Dammam,Inspection Robot,Security,253,227,89.7,2024-04-02,Active
Tasnee,Jeddah,Medical Assistant,Healthcare,260,228,87.7,2024-04-17,Active
Saudi German Hospital,Jubail,Delivery Robot,IT,143,138,96.5,2024-01-01,Needs Maintenance
Saudi German Hospital,Riyadh,Inspection Robot,Healthcare,296,286,96.6,2024-04-02,Inactive
Almarai,Riyadh,Delivery Robot,Healthcare,133,113,85.0,2024-02-29,Needs Maintenance
Tasnee,Madinah,Medical Assistant,Production,40,39,97.5,2024-04-14,Active
Almarai,Mecca,Cleaning Robot,Healthcare,120,101,84.2,2024-03-24,Active
Saudi Electricity Company,Dammam,Inspection Robot,Security,113,105,92.9,2024-02-28,Under Repair
King Saud University,Jeddah,Task Organizer,Healthcare,224,223,99.6,2024-04-27,Active
Saudi Post,Tabuk,Cleaning Robot,Customer Service,45,41,91.1,2024-02-15,Active
Saudi Aramco,Al Kharj,Sorting Robot,Production,92,78,84.8,2024-03-09,Active
Almarai,Abha,Sorting Robot,IT,293,236,80.5,2024-05-08,Under Repair
Binladin Group,Al Kharj,Medical Assistant,Customer Service,231,187,81.0,2024-01-12,Active
Saudi Red Crescent,Jubail,Inspection Robot,Administration,64,60,93.8,2024-05-05,Active
Saudi Red Crescent,Abha,Delivery Robot,IT,127,108,85.0,2024-01-06,Active
Dar Al Riyadh,Madinah,Inspection Robot,IT,122,122,100.0,2024-01-31,Active
STC,Riyadh,Inspection Robot,IT,114,101,88.6,2024-01-05,Active
Dar Al Riyadh,Jubail,Inspection Robot,Security,268,247,92.2,2024-05-06,Inactive
King Saud University,Abha,Delivery Robot,Production,172,159,92.4,2024-05-12,Active
King Fahd Medical City,Al Kharj,Medical Assistant,Security,60,58,96.7,2024-02-03,Needs Maintenance
Riyadh Airports,Tabuk,Service Robot,Healthcare,283,252,89.0,2024-03-17,Under Repair
STC,Jubail,Inspection Robot,Customer Service,297,276,92.9,2024-03-12,Active
National Water Company,Abha,Service Robot,Logistics,38,36,94.7,2024-01-02,Active
King Fahd Medical City,Dammam,Inspection Robot,Production,137,112,81.8,2024-05-13,Active
Dar Al Riyadh,Jubail,Medical Assistant,Facility Management,221,186,84.2,2024-04-20,Active
Alhokair Group,Dammam,Delivery Robot,Healthcare,225,181,80.4,2024-03-08,Active
Saudi Aramco,Madinah,Cleaning Robot,Security,128,103,80.5,2024-03-09,Inactive
Binladin Group,Dammam,Task Organizer,Security,72,65,90.3,2024-04-16,Active
Saudi Red Crescent,Al Kharj,Service Robot,Logistics,83,82,98.8,2024-01-06,Active
Saudi Post,Mecca,Medical Assistant,Logistics,109,108,99.1,2024-03-30,Active
Saudi German Hospital,Abha,Cleaning Robot,Healthcare,34,29,85.3,2024-04-24,Active
Binladin Group,Dhahran,Task Organizer,Facility Management,119,98,82.4,2024-02-20,Active
Saudi Aramco,Dammam,Cleaning Robot,Healthcare,136,125,91.9,2024-05-02,Needs Maintenance
Almarai,Jubail,Cleaning Robot,Logistics,49,46,93.9,2024-02-07,Inactive
Riyadh Airports,Dhahran,Sorting Robot,Logistics,297,281,94.6,2024-04-20,Active
King Saud University,Riyadh,Task Organizer,Administration,273,248,90.8,2024-04-27,Active
Mobily,Jeddah,Medical Assistant,Logistics,222,208,93.7,2024-01-19,Active
Saudi Electricity Company,Abha,Service Robot,Logistics,227,199,87.7,2024-01-23,Needs Maintenance
Saudi Electricity Company,Riyadh,Cleaning Robot,Administration,262,262,100.0,2024-01-09,Active
Alinma Bank,Jeddah,Sorting Robot,Production,71,62,87.3,2024-01-24,Needs Maintenance
Mobily,Tabuk,Medical Assistant,Healthcare,85,71,83.5,2024-05-04,Active
Mobily,Dammam,Sorting Robot,Facility Management,39,39,100.0,2024-05-15,Active
Saudi Electricity Company,Dammam,Inspection Robot,Logistics,136,128,94.1,2024-01-31,Active
Mobily,Abha,Service Robot,Production,299,279,93.3,2024-03-13,Under Repair
Dar Al Riyadh,Tabuk,Service Robot,Administration,241,214,88.8,2024-04-28,Active
SABIC,Al Kharj,Sorting Robot,Facility Management,140,120,85.7,2024-03-05,Active
Saudi Red Crescent,Jubail,Delivery Robot,IT,153,129,84.3,2024-01-04,Needs Maintenance
Alhokair Group,Dhahran,Delivery Robot,Security,250,241,96.4,2024-02-06,Active
National Water Company,Madinah,Cleaning Robot,Customer Service,107,87,81.3,2024-02-19,Active
Alhokair Group,Al Kharj,Sorting Robot,Administration,162,161,99.4,2024-03-14,Inactive
Saudi Electricity Company,Madinah,Cleaning Robot,Production,193,190,98.4,2024-04-07,Active
Saudi Electricity Company,Dhahran,Inspection Robot,Production,293,243,82.9,2024-03-05,Needs Maintenance
King Fahd Medical City,Madinah,Task Organizer,Production,36,32,88.9,2024-05-02,Active
Binladin Group,Mecca,Sorting Robot,Security,196,182,92.9,2024-04-10,Active
Tasnee,Mecca,Service Robot,Administration,77,72,93.5,2024-05-05,Active
Saudi Aramco,Tabuk,Inspection Robot,Healthcare,221,202,91.4,2024-02-14,Under Repair
King Saud University,Abha,Inspection Robot,Healthcare,110,107,97.3,2024-04-18,Active
Alinma Bank,Jeddah,Inspection Robot,Logistics,216,210,97.2,2024-02-03,Active
Ma'aden,Madinah,Inspection Robot,Security,112,100,89.3,2024-03-03,Active
Al Rajhi Bank,Abha,Service Robot,Facility Management,260,256,98.5,2024-02-01,Needs Maintenance
SABIC,Riyadh,Sorting Robot,Healthcare,163,140,85.9,2024-05-02,Inactive
Riyadh Airports,Tabuk,Delivery Robot,Customer Service,92,87,94.6,2024-04-28,Active
Saudi Post,Dammam,Delivery Robot,Healthcare,267,230,86.1,2024-04-23,Active
Tasnee,Madinah,Task Organizer,Logistics,150,146,97.3,2024-03-04,Active
Almarai,Mecca,Cleaning Robot,Customer Service,145,145,100.0,2024-04-18,Under Repair
SABIC,Riyadh,Task Organizer,Healthcare,263,231,87.8,2024-03-21,Active
Ma'aden,Jubail,Service Robot,IT,103,96,93.2,2024-01-08,Active
Alinma Bank,Jubail,Sorting Robot,Customer Service,84,70,83.3,2024-01-16,Active
Saudi Aramco,Jeddah,Cleaning Robot,Security,180,144,80.0,2024-04-10,Needs Maintenance
Alinma Bank,Tabuk,Task Organizer,Healthcare,296,290,98.0,2024-02-23,Active
Al Rajhi Bank,Al Kharj,Task Organizer,Facility Management,220,191,86.8,2024-03-24,Active
Saudi German Hospital,Al Kharj,Delivery Robot,Customer Service,224,188,83.9,2024-02-27,Active
Almarai,Dhahran,Delivery Robot,Facility Management,211,205,97.2,2024-03-12,Active
Alinma Bank,Mecca,Inspection Robot,Healthcare,189,160,84.7,2024-02-15,Active
SABIC,Abha,Cleaning Robot,Logistics,260,251,96.5,2024-01-24,Active
Dar Al Riyadh,Abha,Delivery Robot,Production,153,142,92.8,2024-02-27,Active
Alinma Bank,Dhahran,Medical Assistant,IT,79,69,87.3,2024-02-13,Active
Alinma Bank,Jubail,Task Organizer,IT,62,51,82.3,2024-02-19,Inactive
Riyadh Airports,Riyadh,Sorting Robot,Administration,102,98,96.1,2024-02-11,Active
Binladin Group,Jeddah,Task Organizer,IT,106,87,82.1,2024-04-09,Active
Al Rajhi Bank,Dhahran,Task Organizer,Facility Management,286,279,97.6,2024-02-05,Active
Mobily,Tabuk,Task Organizer,Administration,99,83,83.8,2024-03-09,Active
Al Rajhi Bank,Tabuk,Cleaning Robot,Logistics,65,57,87.7,2024-02-02,Active
Binladin Group,Mecca,Sorting Robot,Logistics,214,180,84.1,2024-02-21,Needs Maintenance
Saudi Red Crescent,Jubail,Delivery Robot,IT,63,58,92.1,2024-01-23,Active
Riyadh Airports,Abha,Service Robot,IT,193,172,89.1,2024-01-28,Active
National Water Company,Dhahran,Service Robot,IT,102,94,92.2,2024-02-18,Active
Mobily,Mecca,Task Organizer,Security,139,115,82.7,2024-02-20,Active
Saudi Electricity Company,Mecca,Medical Assistant,IT,291,260,89.3,2024-02-09,Active
Saudi Red Crescent,Jeddah,Medical Assistant,Security,251,217,86.5,2024-03-15,Active
National Water Company,Tabuk,Sorting Robot,Production,87,81,93.1,2024-04-29,Active
Saudi German Hospital,Abha,Sorting Robot,Logistics,67,62,92.5,2024-02-28,Active
Saudi German Hospital,Dammam,Inspection Robot,Production,244,237,97.1,2024-05-13,Active
Saudi Aramco,Madinah,Medical Assistant,Customer Service,266,228,85.7,2024-02-22,Active
King Fahd Medical City,Riyadh,Delivery Robot,Customer Service,31,25,80.6,2024-05-16,Active
Ma'aden,Abha,Delivery Robot,Security,225,189,84.0,2024-02-22,Active
Binladin Group,Madinah,Delivery Robot,Healthcare,149,145,97.3,2024-05-20,Needs Maintenance
King Saud University,Madinah,Cleaning Robot,Security,249,220,88.4,2024-02-27,Active
Saudi Post,Jeddah,Task Organizer,Facility Management,121,119,98.3,2024-01-21,Inactive
Almarai,Dammam,Service Robot,Administration,201,161,80.1,2024-04-26,Active
King Saud University,Riyadh,Sorting Robot,Administration,296,274,92.6,2024-05-01,Needs Maintenance
Saudi Red Crescent,Abha,Delivery Robot,Logistics,135,122,90.4,2024-01-26,Active
Saudi Electricity Company,Riyadh,Inspection Robot,Customer Service,116,110,94.8,2024-04-23,Inactive
Saudi German Hospital,Tabuk,Medical Assistant,Administration,188,174,92.6,2024-03-08,Active
National Water Company,Dhahran,Service Robot,Logistics,207,203,98.1,2024-02-26,Active
Tasnee,Dammam,Service Robot,Security,214,193,90.2,2024-02-26,Active
King Saud University,Tabuk,Inspection Robot,IT,169,155,91.7,2024-01-25,Needs Maintenance
STC,Dammam,Inspection Robot,Facility Management,176,150,85.2,2024-03-20,Under Repair
Mobily,Dammam,Task Organizer,Security,289,287,99.3,2024-02-05,Active
SABIC,Dhahran,Service Robot,Production,282,257,91.1,2024-01-19,Active
King Saud University,Tabuk,Delivery Robot,Customer Service,89,74,83.1,2024-01-19,Inactive
King Fahd Medical City,Tabuk,Inspection Robot,Healthcare,76,73,96.1,2024-03-26,Under Repair
Alinma Bank,Al Kharj,Medical Assistant,Security,250,211,84.4,2024-02-22,Active
Al Rajhi Bank,Abha,Sorting Robot,Logistics,282,263,93.3,2024-02-12,Active
Almarai,Jeddah,Cleaning Robot,Security,253,244,96.4,2024-04-12,Active
Mobily,Riyadh,Service Robot,Production,173,157,90.8,2024-05-15,Active
Ma'aden,Mecca,Delivery Robot,IT,219,178,81.3,2024-03-21,Active
King Fahd Medical City,Tabuk,Medical Assistant,Logistics,93,85,91.4,2024-01-08,Active
Mobily,Dhahran,Service Robot,Production,114,102,89.5,2024-01-04,Active
Tasnee,Riyadh,Medical Assistant,Customer Service,88,72,81.8,2024-02-01,Active
Mobily,Mecca,Inspection Robot,Logistics,174,172,98.9,2024-05-10,Active
Dar Al Riyadh,Jubail,Task Organizer,IT,201,198,98.5,2024-03-15,Active
Alinma Bank,Mecca,Service Robot,Healthcare,148,139,93.9,2024-04-02,Active
King Fahd Medical City,Madinah,Cleaning Robot,Logistics,198,198,100.0,2024-01-03,Active
Saudi German Hospital,Madinah,Cleaning Robot,Customer Service,86,84,97.7,2024-05-13,Active
Tasnee,Madinah,Delivery Robot,IT,31,31,100.0,2024-01-10,Active
National Water Company,Jubail,Delivery Robot,Customer Service,253,231,91.3,2024-02-28,Active
Saudi Aramco,Riyadh,Delivery Robot,Security,202,201,99.5,2024-01-26,Inactive
Saudi Red Crescent,Jeddah,Medical Assistant,Logistics,225,203,90.2,2024-01-15,Active
Alhokair Group,Abha,Task Organizer,Administration,216,188,87.0,2024-02-21,Active
Alinma Bank,Tabuk,Cleaning Robot,Administration,91,88,96.7,2024-01-06,Active
Al Rajhi Bank,Madinah,Medical Assistant,IT,290,274,94.5,2024-03-28,Inactive
Binladin Group,Abha,Cleaning Robot,Production,294,244,83.0,2024-03-11,Active
Mobily,Dhahran,Service Robot,Healthcare,244,226,92.6,2024-01-22,Needs Maintenance
King Fahd Medical City,Tabuk,Task Organizer,IT,71,61,85.9,2024-03-01,Active
Saudi German Hospital,Mecca,Sorting Robot,Logistics,117,100,85.5,2024-03-26,Active
Riyadh Airports,Dhahran,Medical Assistant,Logistics,298,278,93.3,2024-04-16,Inactive
Alinma Bank,Al Kharj,Service Robot,Healthcare,99,81,81.8,2024-02-12,Needs Maintenance
National Water Company,Jeddah,Delivery Robot,Customer Service,268,238,88.8,2024-02-22,Needs Maintenance
Al Rajhi Bank,Dhahran,Cleaning Robot,IT,89,88,98.9,2024-05-06,Needs Maintenance
Mobily,Al Kharj,Sorting Robot,IT,294,277,94.2,2024-02-16,Active
Riyadh Airports,Dhahran,Service Robot,Customer Service,184,183,99.5,2024-03-11,Active
Saudi Post,Tabuk,Delivery Robot,Customer Service,84,77,91.7,2024-02-10,Active
King Saud University,Jeddah,Delivery Robot,Customer Service,251,220,87.6,2024-01-03,Active
Binladin Group,Jeddah,Delivery Robot,Production,201,174,86.6,2024-03-30,Active
Alinma Bank,Al Kharj,Cleaning Robot,Facility Management,291,242,83.2,2024-05-13,Active
SABIC,Madinah,Sorting Robot,Logistics,193,183,94.8,2024-05-14,Active
Saudi Electricity Company,Riyadh,Sorting Robot,Facility Management,279,263,94.3,2024-04-02,Active
SABIC,Al Kharj,Delivery Robot,Facility Management,110,96,87.3,2024-03-15,Inactive
Binladin Group,Abha,Sorting Robot,IT,205,197,96.1,2024-04-01,Active
Almarai,Riyadh,Sorting Robot,Logistics,77,67,87.0,2024-03-31,Active
Saudi Post,Riyadh,Inspection Robot,Production,268,259,96.6,2024-04-04,Active
Binladin Group,Dhahran,Inspection Robot,Logistics,201,187,93.0,2024-01-25,Active
King Saud University,Jeddah,Sorting Robot,Customer Service,81,68,84.0,2024-03-12,Active
Tasnee,Dhahran,Sorting Robot,Security,57,47,82.5,2024-04-25,Active
Binladin Group,Al Kharj,Delivery Robot,Logistics,59,49,83.1,2024-01-19,Active
Alinma Bank,Tabuk,Service Robot,Facility Management,82,73,89.0,2024-02-24,Active
National Water Company,Dammam,Inspection Robot,Administration,111,104,93.7,2024-04-04,Active
Mobily,Tabuk,Medical Assistant,Logistics,249,229,92.0,2024-03-25,Active
Mobily,Jubail,Delivery Robot,Administration,231,224,97.0,2024-02-15,Active
Mobily,Abha,Task Organizer,IT,132,116,87.9,2024-03-23,Active
Binladin Group,Jubail,Service Robot,Production,124,124,100.0,2024-01-23,Active
SABIC,Dammam,Cleaning Robot,Customer Service,76,66,86.8,2024-02-26,Active
Alinma Bank,Madinah,Task Organizer,IT,141,121,85.8,2024-01-01,Active
Saudi Aramco,Madinah,Inspection Robot,Administration,137,131,95.6,2024-04-01,Needs Maintenance
Riyadh Airports,Jubail,Delivery Robot,Logistics,259,224,86.5,2024-01-21,Under Repair
Saudi Post,Jubail,Task Organizer,Customer Service,31,29,93.5,2024-04-20,Active
Ma'aden,Jeddah,Task Organizer,Facility Management,137,118,86.1,2024-05-08,Inactive
Alhokair Group,Dammam,Inspection Robot,Security,204,174,85.3,2024-03-23,Active
Ma'aden,Tabuk,Sorting Robot,Healthcare,283,273,96.5,2024-03-23,Active
Alinma Bank,Mecca,Inspection Robot,Production,106,91,85.8,2024-05-16,Needs Maintenance
Saudi German Hospital,Al Kharj,Medical Assistant,Healthcare,83,83,100.0,2024-03-21,Active
Riyadh Airports,Madinah,Medical Assistant,IT,265,246,92.8,2024-03-12,Active
Riyadh Airports,Dammam,Sorting Robot,Production,300,283,94.3,2024-05-08,Active
Saudi Red Crescent,Dhahran,Cleaning Robot,Facility Management,69,68,98.6,2024-05-12,Active
Saudi Electricity Company,Riyadh,Service Robot,Production,146,128,87.7,2024-01-14,Active
Saudi Red Crescent,Madinah,Cleaning Robot,Customer Service,118,117,99.2,2024-02-08,Active
Saudi Red Crescent,Jeddah,Sorting Robot,Healthcare,153,151,98.7,2024-01-21,Under Repair
Saudi Electricity Company,Jubail,Service Robot,Administration,236,228,96.6,2024-03-29,Active
Al Rajhi Bank,Madinah,Medical Assistant,Customer Service,261,220,84.3,2024-02-09,Under Repair
Saudi Electricity Company,Riyadh,Inspection Robot,Logistics,255,252,98.8,2024-04-07,Active
Saudi Aramco,Dammam,Cleaning Robot,Production,43,43,100.0,2024-04-09,Active
Saudi Red Crescent,Dhahran,Cleaning Robot,Healthcare,65,63,96.9,2024-02-25,Active
National Water Company,Dhahran,Cleaning Robot,Customer Service,180,159,88.3,2024-02-18,Needs Maintenance
Saudi Electricity Company,Riyadh,Delivery Robot,Facility Management,121,100,82.6,2024-03-31,Active
SABIC,Mecca,Medical Assistant,Facility Management,286,264,92.3,2024-03-05,Active
Tasnee,Jubail,Service Robot,Production,77,65,84.4,2024-03-31,Active
Mobily,Jeddah,Cleaning Robot,Administration,207,200,96.6,2024-01-24,Active
Dar Al Riyadh,Madinah,Task Organizer,Facility Management,144,126,87.5,2024-05-13,Active
Saudi Aramco,Jubail,Medical Assistant,Administration,299,285,95.3,2024-04-15,Active
Saudi Electricity Company,Jubail,Inspection Robot,Logistics,233,232,99.6,2024-02-19,Active
King Fahd Medical City,Al Kharj,Cleaning Robot,Healthcare,92,91,98.9,2024-01-15,Active
Saudi Aramco,Al Kharj,Delivery Robot,Healthcare,39,39,100.0,2024-01-01,Active
King Saud University,Mecca,Medical Assistant,Production,45,44,97.8,2024-04-14,Active
Mobily,Jeddah,Task Organizer,Customer Service,177,153,86.4,2024-04-27,Active
Saudi German Hospital,Al Kharj,Medical Assistant,Administration,283,273,96.5,2024-03-11,Active
Mobily,Abha,Task Organizer,Security,187,161,86.1,2024-03-23,Active
Mobily,Mecca,Medical Assistant,Administration,44,41,93.2,2024-01-25,Active
Saudi Red Crescent,Jubail,Sorting Robot,Logistics,208,191,91.8,2024-03-17,Active
Dar Al Riyadh,Jubail,Inspection Robot,Customer Service,93,82,88.2,2024-02-24,Needs Maintenance
Mobily,Madinah,Cleaning Robot,Healthcare,223,202,90.6,2024-01-20,Active
Riyadh Airports,Jeddah,Medical Assistant,Logistics,57,49,86.0,2024-04-05,Needs Maintenance
Dar Al Riyadh,Dammam,Inspection Robot,Production,231,192,83.1,2024-05-04,Active
Riyadh Airports,Al Kharj,Service Robot,Facility Management,115,107,93.0,2024-05-01,Needs Maintenance
King Fahd Medical City,Mecca,Task Organizer,Facility Management,183,178,97.3,2024-03-02,Active
SABIC,Riyadh,Service Robot,Healthcare,190,154,81.1,2024-04-29,Active
Saudi Electricity Company,Abha,Service Robot,Customer Service,58,55,94.8,2024-05-05,Under Repair
SABIC,Madinah,Cleaning Robot,Logistics,275,271,98.5,2024-01-09,Active
Riyadh Airports,Abha,Medical Assistant,Logistics,266,220,82.7,2024-03-30,Active
Al Rajhi Bank,Tabuk,Sorting Robot,Healthcare,245,217,88.6,2024-03-29,Active
STC,Abha,Service Robot,Administration,71,57,80.3,2024-05-10,Active
Ma'aden,Al Kharj,Service Robot,Production,79,74,93.7,2024-02-15,Needs Maintenance
Alhokair Group,Dhahran,Task Organizer,Customer Service,189,164,86.8,2024-05-13,Active
King Fahd Medical City,Madinah,Service Robot,Customer Service,146,143,97.9,2024-01-04,Active
Ma'aden,Abha,Service Robot,Customer Service,267,233,87.3,2024-05-14,Active
King Fahd Medical City,Al Kharj,Inspection Robot,Administration,178,156,87.6,2024-02-28,Active
Alhokair Group,Jubail,Delivery Robot,Production,117,102,87.2,2024-01-16,Active
SABIC,Riyadh,Delivery Robot,Security,115,114,99.1,2024-03-04,Inactive
Ma'aden,Riyadh,Service Robot,Facility Management,228,207,90.8,2024-05-16,Active
STC,Madinah,Sorting Robot,Healthcare,58,57,98.3,2024-05-04,Needs Maintenance
Saudi Red Crescent,Mecca,Task Organizer,Administration,224,215,96.0,2024-01-17,Active
Dar Al Riyadh,Dhahran,Task Organizer,Healthcare,99,82,82.8,2024-02-01,Needs Maintenance
Mobily,Jubail,Cleaning Robot,Customer Service,116,109,94.0,2024-03-05,Under Repair
Alinma Bank,Madinah,Task Organizer,Security,61,55,90.2,2024-01-25,Active
Alinma Bank,Dhahran,Service Robot,Production,215,194,90.2,2024-01-05,Active
Almarai,Jubail,Task Organizer,Production,184,177,96.2,2024-02-21,Active
Almarai,Abha,Service Robot,IT,260,230,88.5,2024-03-18,Active
Alhokair Group,Dhahran,Delivery Robot,Security,101,93,92.1,2024-02-04,Active
Alinma Bank,Madinah,Inspection Robot,Administration,211,174,82.5,2024-02-10,Active
King Fahd Medical City,Dammam,Sorting Robot,Security,186,180,96.8,2024-01-20,Inactive
Ma'aden,Dhahran,Medical Assistant,Customer Service,282,248,87.9,2024-05-05,Inactive
Dar Al Riyadh,Dammam,Cleaning Robot,Logistics,58,55,94.8,2024-03-31,Active
King Fahd Medical City,Madinah,Service Robot,Healthcare,120,97,80.8,2024-04-02,Active
Binladin Group,Jeddah,Task Organizer,Production,80,67,83.8,2024-03-12,Active
National Water Company,Dammam,Cleaning Robot,Customer Service,209,195,93.3,2024-02-01,Active
Almarai,Riyadh,Medical Assistant,Customer Service,203,180,88.7,2024-04-04,Active
Dar Al Riyadh,Jeddah,Delivery Robot,Facility Management,226,208,92.0,2024-02-18,Active
SABIC,Tabuk,Delivery Robot,Security,296,256,86.5,2024-04-02,Active
STC,Dhahran,Inspection Robot,Customer Service,273,244,89.4,2024-04-12,Active
Tasnee,Tabuk,Task Organizer,IT,87,81,93.1,2024-01-14,Needs Maintenance
Alinma Bank,Jubail,Service Robot,Logistics,81,73,90.1,2024-03-30,Needs Maintenance
Saudi German Hospital,Riyadh,Inspection Robot,Facility Management,113,109,96.5,2024-03-13,Needs Maintenance
Saudi Aramco,Al Kharj,Inspection Robot,Logistics,82,79,96.3,2024-02-09,Active
STC,Dhahran,Task Organizer,Logistics,116,98,84.5,2024-02-25,Active
Saudi Post,Riyadh,Delivery Robot,Facility Management,212,197,92.9,2024-01-14,Active
Saudi Electricity Company,Madinah,Task Organizer,Logistics,225,211,93.8,2024-04-11,Active
King Saud University,Tabuk,Delivery Robot,Healthcare,158,154,97.5,2024-02-23,Active
Saudi German Hospital,Jeddah,Service Robot,IT,197,181,91.9,2024-03-17,Active
Mobily,Dhahran,Delivery Robot,Administration,205,167,81.5,2024-03-29,Inactive
Almarai,Madinah,Cleaning Robot,Production,66,64,97.0,2024-04-30,Active
Saudi German Hospital,Jubail,Service Robot,Customer Service,81,80,98.8,2024-01-02,Inactive
SABIC,Madinah,Sorting Robot,Logistics,269,221,82.2,2024-04-19,Needs Maintenance
Dar Al Riyadh,Madinah,Medical Assistant,Facility Management,146,119,81.5,2024-03-12,Active
Saudi Red Crescent,Dhahran,Delivery Robot,Administration,137,120,87.6,2024-02-24,Needs Maintenance
National Water Company,Riyadh,Delivery Robot,Production,233,223,95.7,2024-03-10,Under Repair
Alinma Bank,Madinah,Delivery Robot,Facility Management,77,70,90.9,2024-03-14,Active
Alhokair Group,Mecca,Medical Assistant,Production,66,65,98.5,2024-04-28,Active
King Fahd Medical City,Abha,Task Organizer,Administration,56,45,80.4,2024-04-20,Active
King Saud University,Jeddah,Service Robot,Administration,185,176,95.1,2024-01-24,Active
Mobily,Riyadh,Task Organizer,Healthcare,70,63,90.0,2024-04-28,Active
King Saud University,Jeddah,Inspection Robot,Logistics,102,96,94.1,2024-02-09,Needs Maintenance
King Fahd Medical City,Al Kharj,Delivery Robot,Customer Service,212,179,84.4,2024-01-09,Active
Mobily,Dhahran,Delivery Robot,Administration,257,226,87.9,2024-01-08,Active
King Fahd Medical City,Riyadh,Delivery Robot,Security,270,239,88.5,2024-01-07,Active
Saudi Electricity Company,Al Kharj,Medical Assistant,Production,123,101,82.1,2024-01-11,Active
National Water Company,Abha,Cleaning Robot,Logistics,117,115,98.3,2024-05-03,Active
Ma'aden,Abha,Cleaning Robot,Security,75,69,92.0,2024-02-18,Active
Saudi Red Crescent,Riyadh,Inspection Robot,Healthcare,104,98,94.2,2024-02-06,Active
Riyadh Airports,Dammam,Medical Assistant,Production,213,175,82.2,2024-03-11,Active
Al Rajhi Bank,Tabuk,Medical Assistant,IT,36,33,91.7,2024-04-10,Active
National Water Company,Madinah,Service Robot,Facility Management,256,222,86.7,2024-03-28,Active
Ma'aden,Riyadh,Delivery Robot,Customer Service,186,149,80.1,2024-04-19,Active
Riyadh Airports,Al Kharj,Delivery Robot,Administration,130,126,96.9,2024-01-30,Active
Tasnee,Abha,Medical Assistant,Customer Service,59,58,98.3,2024-04-15,Needs Maintenance
Tasnee,Dhahran,Sorting Robot,Security,76,76,100.0,2024-01-25,Active
Almarai,Al Kharj,Sorting Robot,Security,33,32,97.0,2024-05-13,Active
SABIC,Al Kharj,Task Organizer,Production,161,129,80.1,2024-04-15,Active
Riyadh Airports,Dhahran,Medical Assistant,Administration,232,197,84.9,2024-02-09,Active
Ma'aden,Dhahran,Medical Assistant,Logistics,193,188,97.4,2024-03-16,Active
Ma'aden,Jubail,Service Robot,Administration,63,61,96.8,2024-01-22,Active
Dar Al Riyadh,Madinah,Inspection Robot,Production,173,162,93.6,2024-04-05,Active
Binladin Group,Dammam,Delivery Robot,Administration,57,48,84.2,2024-04-26,Active
SABIC,Jeddah,Inspection Robot,Facility Management,144,119,82.6,2024-03-18,Active
Saudi Aramco,Jubail,Task Organizer,Facility Management,194,183,94.3,2024-05-13,Active
Riyadh Airports,Madinah,Inspection Robot,Security,147,145,98.6,2024-02-05,Active
Riyadh Airports,Jeddah,Medical Assistant,Logistics,106,93,87.7,2024-02-15,Active
National Water Company,Abha,Service Robot,Healthcare,213,176,82.6,2024-02-11,Active
Al Rajhi Bank,Al Kharj,Inspection Robot,Administration,61,55,90.2,2024-04-30,Needs Maintenance
King Saud University,Dhahran,Task Organizer,Facility Management,194,160,82.5,2024-01-23,Active
Tasnee,Madinah,Inspection Robot,Logistics,260,227,87.3,2024-01-04,Active
Mobily,Jubail,Service Robot,Healthcare,34,32,94.1,2024-03-25,Active
Saudi German Hospital,Abha,Inspection Robot,Administration,107,95,88.8,2024-01-09,Active
Riyadh Airports,Mecca,Sorting Robot,Logistics,293,251,85.7,2024-01-17,Active
Al Rajhi Bank,Madinah,Sorting Robot,Administration,280,271,96.8,2024-05-11,Active
Saudi Aramco,Mecca,Task Organizer,IT,191,191,100.0,2024-04-08,Active
Riyadh Airports,Madinah,Medical Assistant,Customer Service,238,198,83.2,2024-03-21,Active
Ma'aden,Jubail,Medical Assistant,Healthcare,254,226,89.0,2024-03-08,Active
Tasnee,Madinah,Service Robot,Production,54,51,94.4,2024-05-09,Active
King Saud University,Madinah,Cleaning Robot,Healthcare,294,242,82.3,2024-05-06,Needs Maintenance
STC,Abha,Task Organizer,Security,137,125,91.2,2024-02-25,Active
Ma'aden,Jeddah,Service Robot,Production,205,177,86.3,2024-05-17,Active
National Water Company,Jeddah,Task Organizer,Healthcare,117,101,86.3,2024-03-13,Needs Maintenance
Tasnee,Jubail,Medical Assistant,Production,60,58,96.7,2024-03-05,Active
Al Rajhi Bank,Dammam,Medical Assistant,Customer Service,225,211,93.8,2024-05-15,Active
Al Rajhi Bank,Dhahran,Task Organizer,Security,246,199,80.9,2024-02-09,Needs Maintenance
Saudi Electricity Company,Jeddah,Task Organizer,Customer Service,256,236,92.2,2024-03-26,Inactive
King Saud University,Al Kharj,Delivery Robot,Customer Service,129,121,93.8,2024-02-19,Active
Mobily,Abha,Service Robot,Security,289,238,82.4,2024-03-13,Needs Maintenance
STC,Jubail,Service Robot,Facility Management,73,65,89.0,2024-01-10,Active
Saudi Electricity Company,Tabuk,Delivery Robot,IT,123,104,84.6,2024-05-13,Active
Saudi Aramco,Abha,Task Organizer,Facility Management,89,85,95.5,2024-01-31,Active
King Fahd Medical City,Tabuk,Medical Assistant,Security,300,272,90.7,2024-01-02,Active
King Fahd Medical City,Jeddah,Inspection Robot,Production,103,102,99.0,2024-04-10,Active
Saudi Post,Dhahran,Inspection Robot,Administration,82,78,95.1,2024-05-10,Active
Saudi Post,Riyadh,Delivery Robot,IT,147,129,87.8,2024-03-10,Active
STC,Riyadh,Task Organizer,Logistics,130,106,81.5,2024-03-03,Active
Mobily,Jeddah,Task Organizer,Administration,189,165,87.3,2024-02-27,Active
Mobily,Abha,Service Robot,Facility Management,195,156,80.0,2024-05-10,Active
Binladin Group,Tabuk,Service Robot,Administration,140,118,84.3,2024-01-06,Needs Maintenance
Ma'aden,Al Kharj,Cleaning Robot,IT,41,41,100.0,2024-01-31,Active
Saudi Red Crescent,Jeddah,Inspection Robot,Healthcare,143,127,88.8,2024-03-04,Active
Dar Al Riyadh,Al Kharj,Delivery Robot,Healthcare,148,127,85.8,2024-01-22,Active
Alhokair Group,Madinah,Sorting Robot,Customer Service,89,88,98.9,2024-04-03,Needs Maintenance
Saudi Red Crescent,Jeddah,Cleaning Robot,Healthcare,279,230,82.4,2024-03-14,Active
Alhokair Group,Al Kharj,Sorting Robot,Logistics,281,270,96.1,2024-01-07,Active
Saudi Electricity Company,Tabuk,Medical Assistant,Logistics,213,212,99.5,2024-05-04,Active
Alinma Bank,Tabuk,Task Organizer,Administration,166,156,94.0,2024-05-06,Inactive
SABIC,Al Kharj,Inspection Robot,Facility Management,47,45,95.7,2024-01-09,Active
Almarai,Riyadh,Sorting Robot,Healthcare,176,176,100.0,2024-04-11,Active
King Fahd Medical City,Dammam,Delivery Robot,Healthcare,185,176,95.1,2024-03-14,Inactive
Ma'aden,Riyadh,Sorting Robot,Administration,180,180,100.0,2024-02-16,Active
Saudi Red Crescent,Dammam,Sorting Robot,Customer Service,242,198,81.8,2024-04-17,Active
SABIC,Riyadh,Cleaning Robot,Security,139,124,89.2,2024-05-03,Active
King Fahd Medical City,Tabuk,Task Organizer,Administration,130,127,97.7,2024-01-26,Active
Ma'aden,Riyadh,Cleaning Robot,Customer Service,118,104,88.1,2024-04-15,Active
Mobily,Madinah,Task Organizer,Facility Management,159,145,91.2,2024-03-30,Active
Tasnee,Tabuk,Sorting Robot,Healthcare,239,208,87.0,2024-05-03,Active
STC,Al Kharj,Cleaning Robot,Facility Management,281,232,82.6,2024-04-02,Active
Riyadh Airports,Abha,Service Robot,Administration,83,76,91.6,2024-05-15,Active
Alinma Bank,Tabuk,Cleaning Robot,Logistics,134,113,84.3,2024-04-10,Active
Saudi Post,Dammam,Inspection Robot,Customer Service,147,143,97.3,2024-03-29,Inactive
Alhokair Group,Tabuk,Medical Assistant,Customer Service,172,156,90.7,2024-03-22,Inactive
Ma'aden,Dammam,Cleaning Robot,Administration,108,87,80.6,2024-01-16,Active
Saudi Red Crescent,Mecca,Medical Assistant,Administration,170,164,96.5,2024-01-07,Needs Maintenance
Binladin Group,Abha,Service Robot,Healthcare,114,102,89.5,2024-01-14,Active
Saudi German Hospital,Madinah,Delivery Robot,Security,280,239,85.4,2024-04-10,Active
Binladin Group,Jeddah,Medical Assistant,IT,244,242,99.2,2024-05-11,Active
Al Rajhi Bank,Abha,Cleaning Robot,Customer Service,228,227,99.6,2024-02-19,Inactive
Almarai,Mecca,Cleaning Robot,Customer Service,37,35,94.6,2024-02-06,Active
Riyadh Airports,Dhahran,Cleaning Robot,Production,33,33,100.0,2024-05-12,Active
Alhokair Group,Madinah,Inspection Robot,Facility Management,202,174,86.1,2024-01-19,Active
Tasnee,Abha,Delivery Robot,Logistics,92,91,98.9,2024-04-17,Active
STC,Jubail,Service Robot,Healthcare,78,73,93.6,2024-02-21,Active
Saudi German Hospital,Abha,Service Robot,Facility Management,283,280,98.9,2024-01-25,Needs Maintenance
Riyadh Airports,Mecca,Sorting Robot,Production,285,257,90.2,2024-04-01,Active
Saudi German Hospital,Mecca,Cleaning Robot,Security,141,131,92.9,2024-05-11,Active
Saudi Aramco,Dhahran,Delivery Robot,Security,89,86,96.6,2024-03-21,Active
Saudi Electricity Company,Madinah,Medical Assistant,Logistics,30,26,86.7,2024-01-09,Active
Al Rajhi Bank,Madinah,Cleaning Robot,Administration,61,57,93.4,2024-01-09,Active
Saudi German Hospital,Dhahran,Task Organizer,Logistics,270,262,97.0,2024-05-14,Active
King Fahd Medical City,Madinah,Task Organizer,IT,226,187,82.7,2024-04-02,Active
Binladin Group,Dammam,Sorting Robot,Customer Service,226,190,84.1,2024-04-10,Active
Dar Al Riyadh,Jubail,Sorting Robot,Facility Management,294,273,92.9,2024-04-03,Active
Riyadh Airports,Madinah,Task Organizer,Facility Management,204,191,93.6,2024-04-24,Active
King Fahd Medical City,Dhahran,Medical Assistant,IT,184,154,83.7,2024-01-30,Active
Tasnee,Dammam,Delivery Robot,Security,235,212,90.2,2024-03-23,Active
Al Rajhi Bank,Dhahran,Task Organizer,Logistics,287,237,82.6,2024-05-16,Active
King Saud University,Madinah,Inspection Robot,Facility Management,155,138,89.0,2024-04-25,Needs Maintenance
Alhokair Group,Jubail,Medical Assistant,Healthcare,217,189,87.1,2024-02-26,Active
National Water Company,Jubail,Service Robot,Production,158,133,84.2,2024-03-05,Active
Tasnee,Dammam,Task Organizer,Production,74,68,91.9,2024-04-07,Active
SABIC,Jubail,Medical Assistant,Production,221,213,96.4,2024-03-08,Active
Almarai,Jeddah,Inspection Robot,Logistics,71,69,97.2,2024-03-09,Active
Mobily,Dhahran,Sorting Robot,Logistics,192,163,84.9,2024-01-22,Active
Alhokair Group,Mecca,Inspection Robot,IT,55,45,81.8,2024-03-13,Active
Tasnee,Abha,Inspection Robot,Security,39,37,94.9,2024-02-04,Inactive
Dar Al Riyadh,Madinah,Cleaning Robot,Customer Service,211,187,88.6,2024-04-07,Under Repair
Alinma Bank,Abha,Service Robot,Logistics,58,56,96.6,2024-03-26,Active
Saudi Electricity Company,Al Kharj,Cleaning Robot,Healthcare,229,225,98.3,2024-04-25,Active
Al Rajhi Bank,Dhahran,Delivery Robot,Customer Service,49,49,100.0,2024-02-17,Active
Mobily,Abha,Service Robot,Security,246,218,88.6,2024-01-12,Active
STC,Dhahran,Cleaning Robot,Administration,100,87,87.0,2024-04-02,Under Repair
Riyadh Airports,Abha,Cleaning Robot,Facility Management,120,115,95.8,2024-01-27,Active
SABIC,Riyadh,Cleaning Robot,Facility Management,194,172,88.7,2024-01-22,Active
Saudi German Hospital,Dhahran,Service Robot,Customer Service,239,237,99.2,2024-04-26,Inactive
Alinma Bank,Dammam,Inspection Robot,Logistics,229,221,96.5,2024-02-17,Active
Binladin Group,Tabuk,Delivery Robot,Facility Management,280,259,92.5,2024-05-16,Needs Maintenance
Saudi Electricity Company,Jeddah,Sorting Robot,Production,40,36,90.0,2024-01-23,Active
Saudi Post,Mecca,Delivery Robot,Security,152,142,93.4,2024-02-03,Active
Saudi Electricity Company,Riyadh,Service Robot,Production,95,93,97.9,2024-03-27,Needs Maintenance
Saudi Post,Mecca,Sorting Robot,Facility Management,117,98,83.8,2024-01-09,Active
Ma'aden,Madinah,Cleaning Robot,Logistics,213,172,80.8,2024-05-07,Active
Saudi German Hospital,Jeddah,Medical Assistant,Security,218,185,84.9,2024-01-26,Active
SABIC,Riyadh,Service Robot,Security,191,181,94.8,2024-01-18,Under Repair
Tasnee,Jubail,Service Robot,Administration,180,156,86.7,2024-05-09,Active
Al Rajhi Bank,Abha,Task Organizer,Administration,71,71,100.0,2024-02-09,Active
Mobily,Jubail,Delivery Robot,Security,153,139,90.8,2024-03-20,Active
Dar Al Riyadh,Madinah,Delivery Robot,Administration,104,100,96.2,2024-05-06,Active
National Water Company,Jeddah,Task Organizer,Facility Management,179,149,83.2,2024-04-27,Active
King Saud University,Jeddah,Service Robot,Facility Management,46,40,87.0,2024-02-01,Active
Al Rajhi Bank,Mecca,Medical Assistant,Facility Management,178,164,92.1,2024-05-05,Active
Saudi Electricity Company,Riyadh,Delivery Robot,Healthcare,131,114,87.0,2024-03-15,Active
Saudi Aramco,Abha,Sorting Robot,Administration,133,126,94.7,2024-03-24,Active
National Water Company,Tabuk,Inspection Robot,Security,108,102,94.4,2024-01-31,Active
Dar Al Riyadh,Madinah,Medical Assistant,Production,126,110,87.3,2024-02-17,Active
Dar Al Riyadh,Dhahran,Inspection Robot,Customer Service,52,43,82.7,2024-03-14,Active
Alhokair Group,Tabuk,Cleaning Robot,Administration,117,108,92.3,2024-02-19,Inactive
Dar Al Riyadh,Dammam,Medical Assistant,Production,293,265,90.4,2024-02-05,Active
King Saud University,Mecca,Sorting Robot,Security,94,83,88.3,2024-05-01,Active
Saudi Aramco,Dammam,Task Organizer,Security,193,170,88.1,2024-01-08,Under Repair
Saudi Red Crescent,Mecca,Inspection Robot,Customer Service,229,201,87.8,2024-03-19,Active
King Fahd Medical City,Madinah,Service Robot,Logistics,217,183,84.3,2024-02-21,Active
Almarai,Dammam,Service Robot,Customer Service,241,221,91.7,2024-03-22,Active
Dar Al Riyadh,Al Kharj,Delivery Robot,Customer Service,229,201,87.8,2024-03-28,Active
Saudi Red Crescent,Mecca,Sorting Robot,Healthcare,53,45,84.9,2024-02-06,Active
National Water Company,Al Kharj,Delivery Robot,Facility Management,53,49,92.5,2024-04-07,Active
Alinma Bank,Tabuk,Task Organizer,Facility Management,232,214,92.2,2024-01-27,Active
King Fahd Medical City,Jeddah,Inspection Robot,Logistics,242,200,82.6,2024-05-04,Active
Saudi Red Crescent,Madinah,Service Robot,Logistics,66,62,93.9,2024-01-26,Needs Maintenance
Saudi Post,Al Kharj,Task Organizer,Security,193,189,97.9,2024-05-11,Active
National Water Company,Riyadh,Inspection Robot,Logistics,103,89,86.4,2024-05-14,Active
National Water Company,Abha,Task Organizer,Production,118,117,99.2,2024-05-17,Active
Mobily,Mecca,Delivery Robot,Production,214,211,98.6,2024-05-16,Inactive
National Water Company,Abha,Service Robot,Administration,253,231,91.3,2024-01-04,Active
Ma'aden,Al Kharj,Medical Assistant,Security,194,178,91.8,2024-03-26,Active
Alhokair Group,Dhahran,Medical Assistant,Security,216,191,88.4,2024-02-01,Needs Maintenance
Mobily,Madinah,Delivery Robot,Production,295,289,98.0,2024-02-25,Inactive
Alhokair Group,Dammam,Service Robot,Logistics,199,160,80.4,2024-02-08,Active
Tasnee,Riyadh,Medical Assistant,IT,294,271,92.2,2024-04-28,Needs Maintenance
STC,Tabuk,Inspection Robot,Customer Service,281,243,86.5,2024-05-09,Needs Maintenance
Saudi Red Crescent,Dammam,Sorting Robot,Facility Management,103,89,86.4,2024-04-17,Active
Tasnee,Madinah,Delivery Robot,Logistics,269,257,95.5,2024-04-17,Active
King Fahd Medical City,Madinah,Inspection Robot,Production,295,260,88.1,2024-03-22,Active
Tasnee,Riyadh,Service Robot,Facility Management,74,72,97.3,2024-04-24,Active
Ma'aden,Mecca,Medical Assistant,Security,163,147,90.2,2024-05-11,Active
Al Rajhi Bank,Jubail,Sorting Robot,Customer Service,233,231,99.1,2024-03-14,Needs Maintenance
King Saud University,Tabuk,Task Organizer,Administration,271,244,90.0,2024-01-24,Needs Maintenance
Al Rajhi Bank,Dhahran,Delivery Robot,Facility Management,296,270,91.2,2024-02-25,Under Repair
Saudi Aramco,Dammam,Inspection Robot,Security,281,271,96.4,2024-03-09,Active
Saudi Aramco,Abha,Delivery Robot,Production,201,173,86.1,2024-04-15,Active
Alinma Bank,Mecca,Delivery Robot,Production,195,187,95.9,2024-05-05,Under Repair
Riyadh Airports,Al Kharj,Delivery Robot,Administration,269,240,89.2,2024-01-03,Active
King Fahd Medical City,Riyadh,Inspection Robot,Customer Service,279,263,94.3,2024-05-09,Active
Alinma Bank,Al Kharj,Inspection Robot,Customer Service,258,241,93.4,2024-04-15,Active
Binladin Group,Al Kharj,Delivery Robot,Customer Service,196,171,87.2,2024-03-05,Active
Dar Al Riyadh,Mecca,Cleaning Robot,IT,117,98,83.8,2024-04-09,Active
STC,Dhahran,Delivery Robot,Facility Management,154,127,82.5,2024-04-02,Inactive
STC,Al Kharj,Inspection Robot,Logistics,105,100,95.2,2024-01-05,Inactive
King Saud University,Abha,Service Robot,Administration,177,142,80.2,2024-02-26,Active
Riyadh Airports,Madinah,Delivery Robot,Administration,294,263,89.5,2024-05-05,Needs Maintenance
SABIC,Dhahran,Medical Assistant,Administration,103,92,89.3,2024-01-10,Under Repair
Al Rajhi Bank,Dammam,Sorting Robot,Administration,257,213,82.9,2024-04-16,Active
Saudi Post,Mecca,Medical Assistant,Facility Management,119,100,84.0,2024-04-09,Needs Maintenance
Al Rajhi Bank,Tabuk,Service Robot,IT,300,261,87.0,2024-02-20,Under Repair
Almarai,Mecca,Task Organizer,Logistics,175,171,97.7,2024-05-16,Active
Saudi Post,Tabuk,Inspection Robot,Customer Service,280,261,93.2,2024-05-03,Active
SABIC,Dammam,Inspection Robot,Healthcare,112,96,85.7,2024-01-12,Active
STC,Jeddah,Medical Assistant,Customer Service,271,223,82.3,2024-04-13,Active
Binladin Group,Madinah,Service Robot,Administration,60,54,90.0,2024-02-02,Active
Alhokair Group,Riyadh,Service Robot,Healthcare,32,27,84.4,2024-04-26,Inactive
National Water Company,Riyadh,Inspection Robot,Production,283,260,91.9,2024-04-26,Active
Almarai,Abha,Service Robot,Logistics,138,127,92.0,2024-05-07,Under Repair
Ma'aden,Dhahran,Service Robot,Customer Service,93,89,95.7,2024-03-12,Active
Alinma Bank,Mecca,Medical Assistant,Logistics,90,85,94.4,2024-02-20,Needs Maintenance
Tasnee,Dammam,Sorting Robot,Administration,138,138,100.0,2024-04-20,Active
Saudi Aramco,Mecca,Cleaning Robot,Security,153,134,87.6,2024-02-01,Active
Binladin Group,Jubail,Delivery Robot,Facility Management,247,222,89.9,2024-05-11,Active
King Saud University,Abha,Sorting Robot,Security,201,173,86.1,2024-01-25,Active
Riyadh Airports,Riyadh,Sorting Robot,Administration,192,165,85.9,2024-03-26,Active
Ma'aden,Jubail,Inspection Robot,Healthcare,173,161,93.1,2024-04-03,Active
Alinma Bank,Riyadh,Medical Assistant,Administration,43,40,93.0,2024-04-12,Inactive
Alinma Bank,Madinah,Task Organizer,Administration,211,210,99.5,2024-03-17,Under Repair
Mobily,Tabuk,Sorting Robot,Administration,137,122,89.1,2024-01-12,Active
King Fahd Medical City,Dhahran,Sorting Robot,Customer Service,197,186,94.4,2024-04-26,Needs Maintenance
Saudi Post,Tabuk,Cleaning Robot,Security,97,95,97.9,2024-02-28,Active
Almarai,Dhahran,Delivery Robot,Administration,298,284,95.3,2024-03-27,Active
Saudi German Hospital,Al Kharj,Medical Assistant,Production,61,57,93.4,2024-05-11,Active
Riyadh Airports,Abha,Delivery Robot,Customer Service,110,93,84.5,2024-03-09,Under Repair
Dar Al Riyadh,Dammam,Task Organizer,Administration,30,26,86.7,2024-01-21,Active
Saudi Aramco,Abha,Delivery Robot,Administration,194,190,97.9,2024-01-12,Under Repair
King Fahd Medical City,Dhahran,Delivery Robot,Security,286,277,96.9,2024-03-24,Active
Ma'aden,Dammam,Cleaning Robot,IT,241,230,95.4,2024-04-08,Active
Dar Al Riyadh,Dhahran,Inspection Robot,Healthcare,144,132,91.7,2024-04-26,Active
National Water Company,Mecca,Inspection Robot,Customer Service,219,216,98.6,2024-02-11,Active
Mobily,Jeddah,Task Organizer,Production,139,138,99.3,2024-03-10,Active
King Fahd Medical City,Mecca,Sorting Robot,Logistics,98,98,100.0,2024-03-30,Active
Mobily,Riyadh,Medical Assistant,Logistics,80,66,82.5,2024-05-04,Active
Ma'aden,Mecca,Task Organizer,Customer Service,156,132,84.6,2024-02-25,Inactive
Saudi German Hospital,Riyadh,Inspection Robot,Administration,103,93,90.3,2024-05-10,Under Repair
Binladin Group,Dhahran,Sorting Robot,Security,266,263,98.9,2024-04-04,Needs Maintenance
Saudi Electricity Company,Jeddah,Medical Assistant,Security,234,190,81.2,2024-04-25,Active
Saudi Electricity Company,Tabuk,Sorting Robot,Healthcare,70,67,95.7,2024-04-03,Active
Saudi German Hospital,Dhahran,Inspection Robot,Production,39,32,82.1,2024-04-24,Active
Saudi Aramco,Al Kharj,Cleaning Robot,Facility Management,156,153,98.1,2024-04-07,Active
Dar Al Riyadh,Jubail,Cleaning Robot,Healthcare,176,154,87.5,2024-04-14,Active
Alinma Bank,Dammam,Task Organizer,Customer Service,284,240,84.5,2024-05-15,Active
STC,Abha,Delivery Robot,Production,161,160,99.4,2024-01-12,Needs Maintenance
Al Rajhi Bank,Abha,Cleaning Robot,Security,287,247,86.1,2024-04-29,Active
SABIC,Abha,Inspection Robot,Administration,32,27,84.4,2024-02-19,Under Repair
Saudi German Hospital,Jeddah,Sorting Robot,Customer Service,58,51,87.9,2024-02-17,Active
Binladin Group,Abha,Service Robot,Logistics,251,201,80.1,2024-04-22,Active
Saudi Post,Tabuk,Task Organizer,Logistics,58,55,94.8,2024-03-14,Needs Maintenance
Saudi Aramco,Riyadh,Service Robot,Administration,115,96,83.5,2024-04-26,Active
Saudi Aramco,Riyadh,Sorting Robot,Healthcare,229,190,83.0,2024-04-09,Under Repair
Ma'aden,Al Kharj,Medical Assistant,Customer Service,64,54,84.4,2024-02-08,Under Repair
STC,Jeddah,Inspection Robot,Customer Service,167,161,96.4,2024-05-02,Needs Maintenance
Al Rajhi Bank,Riyadh,Cleaning Robot,Facility Management,186,161,86.6,2024-01-18,Active
Alhokair Group,Riyadh,Task Organizer,Production,117,99,84.6,2024-05-18,Active
Dar Al Riyadh,Mecca,Inspection Robot,Administration,136,113,83.1,2024-04-20,Under Repair
Alinma Bank,Tabuk,Service Robot,Administration,255,204,80.0,2024-01-12,Inactive
